<?xml version="1.0" encoding="UTF-8"?>
<!DOCTYPE mapper PUBLIC "-//mybatis.org//DTD Mapper 3.0//EN" "http://mybatis.org/dtd/mybatis-3-mapper.dtd">
<mapper namespace="com.sinochem.mapper.XbGoodsMapper">
  <resultMap id="BaseResultMap" type="com.sinochem.pojo.XbGoods">
    <!--
      WARNING - @mbg.generated
      This element is automatically generated by MyBatis Generator, do not modify.
      This element was generated on Mon Mar 12 09:05:31 CST 2018.
    -->
    <id column="id" jdbcType="BIGINT" property="id" />
    <result column="goods_code" jdbcType="BIGINT" property="goodsCode" />
    <result column="goods_name" jdbcType="VARCHAR" property="goodsName" />
    <result column="short_goods_name" jdbcType="VARCHAR" property="shortGoodsName" />
    <result column="sap_stock" jdbcType="VARCHAR" property="sapStock" />
    <result column="category_type" jdbcType="TINYINT" property="categoryType" />
    <result column="brand_name" jdbcType="VARCHAR" property="brandName" />
    <result column="bar_code" jdbcType="BIGINT" property="barCode" />
    <result column="main_pic_url" jdbcType="VARCHAR" property="mainPicUrl" />
    <result column="origin_place" jdbcType="VARCHAR" property="originPlace" />
    <result column="create_time" jdbcType="TIMESTAMP" property="createTime" />
    <result column="update_time" jdbcType="TIMESTAMP" property="updateTime" />
    <result column="remark" jdbcType="VARCHAR" property="remark" />
  </resultMap>
  <sql id="Example_Where_Clause">
    <!--
      WARNING - @mbg.generated
      This element is automatically generated by MyBatis Generator, do not modify.
      This element was generated on Mon Mar 12 09:05:31 CST 2018.
    -->
    <where>
      <foreach collection="oredCriteria" item="criteria" separator="or">
        <if test="criteria.valid">
          <trim prefix="(" prefixOverrides="and" suffix=")">
            <foreach collection="criteria.criteria" item="criterion">
              <choose>
                <when test="criterion.noValue">
                  and ${criterion.condition}
                </when>
                <when test="criterion.singleValue">
                  and ${criterion.condition} #{criterion.value}
                </when>
                <when test="criterion.betweenValue">
                  and ${criterion.condition} #{criterion.value} and #{criterion.secondValue}
                </when>
                <when test="criterion.listValue">
                  and ${criterion.condition}
                  <foreach close=")" collection="criterion.value" item="listItem" open="(" separator=",">
                    #{listItem}
                  </foreach>
                </when>
              </choose>
            </foreach>
          </trim>
        </if>
      </foreach>
    </where>
  </sql>
  <sql id="Update_By_Example_Where_Clause">
    <!--
      WARNING - @mbg.generated
      This element is automatically generated by MyBatis Generator, do not modify.
      This element was generated on Mon Mar 12 09:05:31 CST 2018.
    -->
    <where>
      <foreach collection="example.oredCriteria" item="criteria" separator="or">
        <if test="criteria.valid">
          <trim prefix="(" prefixOverrides="and" suffix=")">
            <foreach collection="criteria.criteria" item="criterion">
              <choose>
                <when test="criterion.noValue">
                  and ${criterion.condition}
                </when>
                <when test="criterion.singleValue">
                  and ${criterion.condition} #{criterion.value}
                </when>
                <when test="criterion.betweenValue">
                  and ${criterion.condition} #{criterion.value} and #{criterion.secondValue}
                </when>
                <when test="criterion.listValue">
                  and ${criterion.condition}
                  <foreach close=")" collection="criterion.value" item="listItem" open="(" separator=",">
                    #{listItem}
                  </foreach>
                </when>
              </choose>
            </foreach>
          </trim>
        </if>
      </foreach>
    </where>
  </sql>
  <sql id="Base_Column_List">
    <!--
      WARNING - @mbg.generated
      This element is automatically generated by MyBatis Generator, do not modify.
      This element was generated on Mon Mar 12 09:05:31 CST 2018.
    -->
    id, goods_code, goods_name, short_goods_name, sap_stock, category_type, brand_name, 
    bar_code, main_pic_url, origin_place, create_time, update_time, remark
  </sql>
  <select id="selectByExample" parameterType="com.sinochem.pojo.XbGoodsExample" resultMap="BaseResultMap">
    <!--
      WARNING - @mbg.generated
      This element is automatically generated by MyBatis Generator, do not modify.
      This element was generated on Mon Mar 12 09:05:31 CST 2018.
    -->
    select
    <if test="distinct">
      distinct
    </if>
    <include refid="Base_Column_List" />
    from xb_goods
    <if test="_parameter != null">
      <include refid="Example_Where_Clause" />
    </if>
    <if test="orderByClause != null">
      order by ${orderByClause}
    </if>
  </select>
  <select id="selectByPrimaryKey" parameterType="java.lang.Long" resultMap="BaseResultMap">
    <!--
      WARNING - @mbg.generated
      This element is automatically generated by MyBatis Generator, do not modify.
      This element was generated on Mon Mar 12 09:05:31 CST 2018.
    -->
    select 
    <include refid="Base_Column_List" />
    from xb_goods
    where id = #{id,jdbcType=BIGINT}
  </select>
  <select id="selectMaxGoodsCode" resultType="java.lang.Long">
    select max(goods_code)from xb_goods
  </select>
  <select id="selectGoodsCode" parameterType="java.lang.Long" resultType="java.lang.Long">
    select goods_code from xb_goods where bar_code = #{barCode,jdbcType=BIGINT}
  </select>
  <delete id="batchDeleteGoods" parameterType="java.lang.Long">
    delete from xb_goods where goods_code in (
    <foreach collection="list" item="goodsCode" separator=",">
      #{goodsCode}
    </foreach>
    )

  </delete>
  <delete id="deleteByPrimaryKey" parameterType="java.lang.Long">
    <!--
      WARNING - @mbg.generated
      This element is automatically generated by MyBatis Generator, do not modify.
      This element was generated on Mon Mar 12 09:05:31 CST 2018.
    -->
    delete from xb_goods
    where id = #{id,jdbcType=BIGINT}
  </delete>
  <delete id="deleteByExample" parameterType="com.sinochem.pojo.XbGoodsExample">
    <!--
      WARNING - @mbg.generated
      This element is automatically generated by MyBatis Generator, do not modify.
      This element was generated on Mon Mar 12 09:05:31 CST 2018.
    -->
    delete from xb_goods
    <if test="_parameter != null">
      <include refid="Example_Where_Clause" />
    </if>
  </delete>
  <insert id="insert" parameterType="com.sinochem.pojo.XbGoods">
    <!--
      WARNING - @mbg.generated
      This element is automatically generated by MyBatis Generator, do not modify.
      This element was generated on Mon Mar 12 09:05:31 CST 2018.
    -->
    insert into xb_goods (id, goods_code, goods_name, 
      short_goods_name, sap_stock, category_type, 
      brand_name, bar_code, main_pic_url, 
      origin_place, create_time, update_time, 
      remark)
    values (#{id,jdbcType=BIGINT}, #{goodsCode,jdbcType=BIGINT}, #{goodsName,jdbcType=VARCHAR}, 
      #{shortGoodsName,jdbcType=VARCHAR}, #{sapStock,jdbcType=VARCHAR}, #{categoryType,jdbcType=TINYINT}, 
      #{brandName,jdbcType=VARCHAR}, #{barCode,jdbcType=BIGINT}, #{mainPicUrl,jdbcType=VARCHAR}, 
      #{originPlace,jdbcType=VARCHAR}, #{createTime,jdbcType=TIMESTAMP}, #{updateTime,jdbcType=TIMESTAMP}, 
      #{remark,jdbcType=VARCHAR})
  </insert>
  <insert id="insertSelective" parameterType="com.sinochem.pojo.XbGoods">
    <!--
      WARNING - @mbg.generated
      This element is automatically generated by MyBatis Generator, do not modify.
      This element was generated on Mon Mar 12 09:05:31 CST 2018.
    -->
    insert into xb_goods
    <trim prefix="(" suffix=")" suffixOverrides=",">
      <if test="id != null">
        id,
      </if>
      <if test="goodsCode != null">
        goods_code,
      </if>
      <if test="goodsName != null">
        goods_name,
      </if>
      <if test="shortGoodsName != null">
        short_goods_name,
      </if>
      <if test="sapStock != null">
        sap_stock,
      </if>
      <if test="categoryType != null">
        category_type,
      </if>
      <if test="brandName != null">
        brand_name,
      </if>
      <if test="barCode != null">
        bar_code,
      </if>
      <if test="mainPicUrl != null">
        main_pic_url,
      </if>
      <if test="originPlace != null">
        origin_place,
      </if>
      <if test="createTime != null">
        create_time,
      </if>
      <if test="updateTime != null">
        update_time,
      </if>
      <if test="remark != null">
        remark,
      </if>
    </trim>
    <trim prefix="values (" suffix=")" suffixOverrides=",">
      <if test="id != null">
        #{id,jdbcType=BIGINT},
      </if>
      <if test="goodsCode != null">
        #{goodsCode,jdbcType=BIGINT},
      </if>
      <if test="goodsName != null">
        #{goodsName,jdbcType=VARCHAR},
      </if>
      <if test="shortGoodsName != null">
        #{shortGoodsName,jdbcType=VARCHAR},
      </if>
      <if test="sapStock != null">
        #{sapStock,jdbcType=VARCHAR},
      </if>
      <if test="categoryType != null">
        #{categoryType,jdbcType=TINYINT},
      </if>
      <if test="brandName != null">
        #{brandName,jdbcType=VARCHAR},
      </if>
      <if test="barCode != null">
        #{barCode,jdbcType=BIGINT},
      </if>
      <if test="mainPicUrl != null">
        #{mainPicUrl,jdbcType=VARCHAR},
      </if>
      <if test="originPlace != null">
        #{originPlace,jdbcType=VARCHAR},
      </if>
      <if test="createTime != null">
        #{createTime,jdbcType=TIMESTAMP},
      </if>
      <if test="updateTime != null">
        #{updateTime,jdbcType=TIMESTAMP},
      </if>
      <if test="remark != null">
        #{remark,jdbcType=VARCHAR},
      </if>
    </trim>
  </insert>
  <select id="countByExample" parameterType="com.sinochem.pojo.XbGoodsExample" resultType="java.lang.Long">
    <!--
      WARNING - @mbg.generated
      This element is automatically generated by MyBatis Generator, do not modify.
      This element was generated on Mon Mar 12 09:05:31 CST 2018.
    -->
    select count(*) from xb_goods
    <if test="_parameter != null">
      <include refid="Example_Where_Clause" />
    </if>
  </select>
  <update id="updateByExampleSelective" parameterType="map">
    <!--
      WARNING - @mbg.generated
      This element is automatically generated by MyBatis Generator, do not modify.
      This element was generated on Mon Mar 12 09:05:31 CST 2018.
    -->
    update xb_goods
    <set>
      <if test="record.id != null">
        id = #{record.id,jdbcType=BIGINT},
      </if>
      <if test="record.goodsCode != null">
        goods_code = #{record.goodsCode,jdbcType=BIGINT},
      </if>
      <if test="record.goodsName != null">
        goods_name = #{record.goodsName,jdbcType=VARCHAR},
      </if>
      <if test="record.shortGoodsName != null">
        short_goods_name = #{record.shortGoodsName,jdbcType=VARCHAR},
      </if>
      <if test="record.sapStock != null">
        sap_stock = #{record.sapStock,jdbcType=VARCHAR},
      </if>
      <if test="record.categoryType != null">
        category_type = #{record.categoryType,jdbcType=TINYINT},
      </if>
      <if test="record.brandName != null">
        brand_name = #{record.brandName,jdbcType=VARCHAR},
      </if>
      <if test="record.barCode != null">
        bar_code = #{record.barCode,jdbcType=BIGINT},
      </if>
      <if test="record.mainPicUrl != null">
        main_pic_url = #{record.mainPicUrl,jdbcType=VARCHAR},
      </if>
      <if test="record.originPlace != null">
        origin_place = #{record.originPlace,jdbcType=VARCHAR},
      </if>
      <if test="record.createTime != null">
        create_time = #{record.createTime,jdbcType=TIMESTAMP},
      </if>
      <if test="record.updateTime != null">
        update_time = #{record.updateTime,jdbcType=TIMESTAMP},
      </if>
      <if test="record.remark != null">
        remark = #{record.remark,jdbcType=VARCHAR},
      </if>
    </set>
    <if test="_parameter != null">
      <include refid="Update_By_Example_Where_Clause" />
    </if>
  </update>
  <update id="updateByExample" parameterType="map">
    <!--
      WARNING - @mbg.generated
      This element is automatically generated by MyBatis Generator, do not modify.
      This element was generated on Mon Mar 12 09:05:31 CST 2018.
    -->
    update xb_goods
    set id = #{record.id,jdbcType=BIGINT},
      goods_code = #{record.goodsCode,jdbcType=BIGINT},
      goods_name = #{record.goodsName,jdbcType=VARCHAR},
      short_goods_name = #{record.shortGoodsName,jdbcType=VARCHAR},
      sap_stock = #{record.sapStock,jdbcType=VARCHAR},
      category_type = #{record.categoryType,jdbcType=TINYINT},
      brand_name = #{record.brandName,jdbcType=VARCHAR},
      bar_code = #{record.barCode,jdbcType=BIGINT},
      main_pic_url = #{record.mainPicUrl,jdbcType=VARCHAR},
      origin_place = #{record.originPlace,jdbcType=VARCHAR},
      create_time = #{record.createTime,jdbcType=TIMESTAMP},
      update_time = #{record.updateTime,jdbcType=TIMESTAMP},
      remark = #{record.remark,jdbcType=VARCHAR}
    <if test="_parameter != null">
      <include refid="Update_By_Example_Where_Clause" />
    </if>
  </update>
  <update id="updateByPrimaryKeySelective" parameterType="com.sinochem.pojo.XbGoods">
    <!--
      WARNING - @mbg.generated
      This element is automatically generated by MyBatis Generator, do not modify.
      This element was generated on Mon Mar 12 09:05:31 CST 2018.
    -->
    update xb_goods
    <set>
      <if test="goodsCode != null">
        goods_code = #{goodsCode,jdbcType=BIGINT},
      </if>
      <if test="goodsName != null">
        goods_name = #{goodsName,jdbcType=VARCHAR},
      </if>
      <if test="shortGoodsName != null">
        short_goods_name = #{shortGoodsName,jdbcType=VARCHAR},
      </if>
      <if test="sapStock != null">
        sap_stock = #{sapStock,jdbcType=VARCHAR},
      </if>
      <if test="categoryType != null">
        category_type = #{categoryType,jdbcType=TINYINT},
      </if>
      <if test="brandName != null">
        brand_name = #{brandName,jdbcType=VARCHAR},
      </if>
      <if test="barCode != null">
        bar_code = #{barCode,jdbcType=BIGINT},
      </if>
      <if test="mainPicUrl != null">
        main_pic_url = #{mainPicUrl,jdbcType=VARCHAR},
      </if>
      <if test="originPlace != null">
        origin_place = #{originPlace,jdbcType=VARCHAR},
      </if>
      <if test="createTime != null">
        create_time = #{createTime,jdbcType=TIMESTAMP},
      </if>
      <if test="updateTime != null">
        update_time = #{updateTime,jdbcType=TIMESTAMP},
      </if>
      <if test="remark != null">
        remark = #{remark,jdbcType=VARCHAR},
      </if>
    </set>
    where id = #{id,jdbcType=BIGINT}
  </update>
  <update id="updateByPrimaryKey" parameterType="com.sinochem.pojo.XbGoods">
    <!--
      WARNING - @mbg.generated
      This element is automatically generated by MyBatis Generator, do not modify.
      This element was generated on Mon Mar 12 09:05:31 CST 2018.
    -->
    update xb_goods
    set goods_code = #{goodsCode,jdbcType=BIGINT},
      goods_name = #{goodsName,jdbcType=VARCHAR},
      short_goods_name = #{shortGoodsName,jdbcType=VARCHAR},
      sap_stock = #{sapStock,jdbcType=VARCHAR},
      category_type = #{categoryType,jdbcType=TINYINT},
      brand_name = #{brandName,jdbcType=VARCHAR},
      bar_code = #{barCode,jdbcType=BIGINT},
      main_pic_url = #{mainPicUrl,jdbcType=VARCHAR},
      origin_place = #{originPlace,jdbcType=VARCHAR},
      create_time = #{createTime,jdbcType=TIMESTAMP},
      update_time = #{updateTime,jdbcType=TIMESTAMP},
      remark = #{remark,jdbcType=VARCHAR}
    where id = #{id,jdbcType=BIGINT}
  </update>
</mapper>