<?xml version="1.0" encoding="UTF-8"?>
<!DOCTYPE mapper PUBLIC "-//mybatis.org//DTD Mapper 3.0//EN" "http://mybatis.org/dtd/mybatis-3-mapper.dtd">
<mapper namespace="com.sinochem.mapper.XbGoodsDeptMapper">
  <resultMap id="BaseResultMap" type="com.sinochem.pojo.XbGoodsDept">
    <!--
      WARNING - @mbg.generated
      This element is automatically generated by MyBatis Generator, do not modify.
      This element was generated on Mon Mar 12 09:05:31 CST 2018.
    -->
    <id column="id" jdbcType="BIGINT" property="id" />
    <result column="shop_no" jdbcType="BIGINT" property="shopNo" />
    <result column="goods_code" jdbcType="BIGINT" property="goodsCode" />
    <result column="sale_department" jdbcType="VARCHAR" property="saleDepartment" />
    <result column="sale_tax_rate" jdbcType="DECIMAL" property="saleTaxRate" />
    <result column="sale_price" jdbcType="DECIMAL" property="salePrice" />
    <result column="purchase_price" jdbcType="DECIMAL" property="purchasePrice" />
    <result column="bar_code" jdbcType="BIGINT" property="barCode" />
    <result column="return_mark" jdbcType="TINYINT" property="returnMark" />
    <result column="sale_mark" jdbcType="TINYINT" property="saleMark" />
    <result column="status" jdbcType="TINYINT" property="status" />
    <result column="stock" jdbcType="BIGINT" property="stock" />
    <result column="pic_url" jdbcType="VARCHAR" property="picUrl" />
    <result column="update_time" jdbcType="TIMESTAMP" property="updateTime" />
    <result column="create_time" jdbcType="TIMESTAMP" property="createTime" />
    <result column="remark" jdbcType="VARCHAR" property="remark" />
    <association property="xbGoods" javaType="com.sinochem.pojo.XbGoods">
      <id column="id" property="id" />
      <result column="goods_code" property="goodsCode" />
      <result column="goods_name" property="goodsName" />
      <result column="short_goods_name" property="shortGoodsName" />
      <result column="sap_stock" property="sapStock" />
      <result column="category_type" property="categoryType" />
      <result column="brand_name" property="brandName" />
      <result column="bar_code" property="barCode" />
      <result column="main_pic_url" property="mainPicUrl" />
      <result column="origin_place" property="originPlace" />
      <result column="create_time" property="createTime" />
      <result column="update_time" property="updateTime" />
      <result column="remark" property="remark" />
    </association>
  </resultMap>
  <sql id="Example_Where_Clause">
    <!--
      WARNING - @mbg.generated
      This element is automatically generated by MyBatis Generator, do not modify.
      This element was generated on Mon Mar 12 09:05:31 CST 2018.
    -->
    <where>
      <foreach collection="oredCriteria" item="criteria" separator="or">
        <if test="criteria.valid">
          <trim prefix="(" prefixOverrides="and" suffix=")">
            <foreach collection="criteria.criteria" item="criterion">
              <choose>
                <when test="criterion.noValue">
                  and ${criterion.condition}
                </when>
                <when test="criterion.singleValue">
                  and ${criterion.condition} #{criterion.value}
                </when>
                <when test="criterion.betweenValue">
                  and ${criterion.condition} #{criterion.value} and #{criterion.secondValue}
                </when>
                <when test="criterion.listValue">
                  and ${criterion.condition}
                  <foreach close=")" collection="criterion.value" item="listItem" open="(" separator=",">
                    #{listItem}
                  </foreach>
                </when>
              </choose>
            </foreach>
          </trim>
        </if>
      </foreach>
    </where>
  </sql>
  <sql id="Update_By_Example_Where_Clause">
    <!--
      WARNING - @mbg.generated
      This element is automatically generated by MyBatis Generator, do not modify.
      This element was generated on Mon Mar 12 09:05:31 CST 2018.
    -->
    <where>
      <foreach collection="example.oredCriteria" item="criteria" separator="or">
        <if test="criteria.valid">
          <trim prefix="(" prefixOverrides="and" suffix=")">
            <foreach collection="criteria.criteria" item="criterion">
              <choose>
                <when test="criterion.noValue">
                  and ${criterion.condition}
                </when>
                <when test="criterion.singleValue">
                  and ${criterion.condition} #{criterion.value}
                </when>
                <when test="criterion.betweenValue">
                  and ${criterion.condition} #{criterion.value} and #{criterion.secondValue}
                </when>
                <when test="criterion.listValue">
                  and ${criterion.condition}
                  <foreach close=")" collection="criterion.value" item="listItem" open="(" separator=",">
                    #{listItem}
                  </foreach>
                </when>
              </choose>
            </foreach>
          </trim>
        </if>
      </foreach>
    </where>
  </sql>
  <sql id="Base_Column_List">
    <!--
      WARNING - @mbg.generated
      This element is automatically generated by MyBatis Generator, do not modify.
      This element was generated on Mon Mar 12 09:05:31 CST 2018.
    -->
    /*id, shop_no, goods_code, sale_department, sale_tax_rate, sale_price, purchase_price,
    bar_code, return_mark, sale_mark, status, stock, pic_url, update_time, create_time, 
    remark*/
    *
  </sql>
  <select id="selectByExample" parameterType="com.sinochem.pojo.XbGoodsDeptExample" resultMap="BaseResultMap">
    <!--
      WARNING - @mbg.generated
      This element is automatically generated by MyBatis Generator, do not modify.
      This element was generated on Mon Mar 12 09:05:31 CST 2018.
    -->
    select
    <if test="distinct">
      distinct
    </if>
    <include refid="Base_Column_List" />
    from xb_goods_dept as d left join xb_goods as g
    on d.goods_code=g.goods_code
    <if test="_parameter != null">
      <include refid="Example_Where_Clause" />
    </if>
    <if test="orderByClause != null">
      order by ${orderByClause}
    </if>
  </select>
  <select id="selectGoodsByBarCode" parameterType="com.sinochem.pojo.XbGoodsDept" resultMap="BaseResultMap">
    select d.*,g.* from xb_goods_dept as d left join xb_goods as g
    on d.goods_code=g.goods_code where d.bar_code=#{barCode} and d.shop_no=#{shopNo}
  </select>
  <select id="selectGoodsListByShopNo" parameterType="java.lang.Long" resultMap="BaseResultMap">
    select d.*,g.* from xb_goods_dept as d left join xb_goods as g
    on d.goods_code=g.goods_code where d.shop_no=#{shopNo}
  </select>
  <select id="selectIdByBarCodeAndShopNo" parameterType="com.sinochem.pojo.XbGoodsDept" resultType="java.lang.Long">
    select id from xb_goods_dept
    where bar_code = #{barCode} and shop_no = #{shopNo}
  </select>
  <select id="selectByPrimaryKey" parameterType="java.lang.Long" resultMap="BaseResultMap">
    <!--
      WARNING - @mbg.generated
      This element is automatically generated by MyBatis Generator, do not modify.
      This element was generated on Mon Mar 12 09:05:31 CST 2018.
    -->
    select 
    <include refid="Base_Column_List" />
    from xb_goods_dept
    where id = #{id,jdbcType=BIGINT}
  </select>
  <!-- 关联查询 -->
  <select id="selectGoodsById" parameterType="java.lang.Long" resultMap="BaseResultMap">
    select *from xb_goods_dept as d left join xb_goods as g
    on d.goods_code=g.goods_code where d.id=#{id}
  </select>
  <delete id="batchDeleteGoodsDept" parameterType="java.lang.Long">
    delete from xb_goods_dept where id in (
    <foreach collection="list" item="id" separator=",">
      #{id}
    </foreach>
    )

  </delete>

  <delete id="deleteByPrimaryKey" parameterType="java.lang.Long">
    <!--
      WARNING - @mbg.generated
      This element is automatically generated by MyBatis Generator, do not modify.
      This element was generated on Mon Mar 12 09:05:31 CST 2018.
    -->
    delete from xb_goods_dept
    where id = #{id,jdbcType=BIGINT}
  </delete>
  <delete id="deleteByExample" parameterType="com.sinochem.pojo.XbGoodsDeptExample">
    <!--
      WARNING - @mbg.generated
      This element is automatically generated by MyBatis Generator, do not modify.
      This element was generated on Mon Mar 12 09:05:31 CST 2018.
    -->
    delete from xb_goods_dept
    <if test="_parameter != null">
      <include refid="Example_Where_Clause" />
    </if>
  </delete>
  <insert id="insert" parameterType="com.sinochem.pojo.XbGoodsDept">
    <!--
      WARNING - @mbg.generated
      This element is automatically generated by MyBatis Generator, do not modify.
      This element was generated on Mon Mar 12 09:05:31 CST 2018.
    -->
    insert into xb_goods_dept (id, shop_no, goods_code, 
      sale_department, sale_tax_rate, sale_price, 
      purchase_price, bar_code, return_mark, 
      sale_mark, status, stock, 
      pic_url, update_time, create_time, 
      remark)
    values (#{id,jdbcType=BIGINT}, #{shopNo,jdbcType=BIGINT}, #{goodsCode,jdbcType=BIGINT}, 
      #{saleDepartment,jdbcType=VARCHAR}, #{saleTaxRate,jdbcType=DECIMAL}, #{salePrice,jdbcType=DECIMAL}, 
      #{purchasePrice,jdbcType=DECIMAL}, #{barCode,jdbcType=BIGINT}, #{returnMark,jdbcType=TINYINT}, 
      #{saleMark,jdbcType=TINYINT}, #{status,jdbcType=TINYINT}, #{stock,jdbcType=BIGINT}, 
      #{picUrl,jdbcType=VARCHAR}, #{updateTime,jdbcType=TIMESTAMP}, #{createTime,jdbcType=TIMESTAMP}, 
      #{remark,jdbcType=VARCHAR})
  </insert>
  <insert id="insertSelective" parameterType="com.sinochem.pojo.XbGoodsDept">
    <!--
      WARNING - @mbg.generated
      This element is automatically generated by MyBatis Generator, do not modify.
      This element was generated on Mon Mar 12 09:05:31 CST 2018.
    -->
    insert into xb_goods_dept
    <trim prefix="(" suffix=")" suffixOverrides=",">
      <if test="id != null">
        id,
      </if>
      <if test="shopNo != null">
        shop_no,
      </if>
      <if test="goodsCode != null">
        goods_code,
      </if>
      <if test="saleDepartment != null">
        sale_department,
      </if>
      <if test="saleTaxRate != null">
        sale_tax_rate,
      </if>
      <if test="salePrice != null">
        sale_price,
      </if>
      <if test="purchasePrice != null">
        purchase_price,
      </if>
      <if test="barCode != null">
        bar_code,
      </if>
      <if test="returnMark != null">
        return_mark,
      </if>
      <if test="saleMark != null">
        sale_mark,
      </if>
      <if test="status != null">
        status,
      </if>
      <if test="stock != null">
        stock,
      </if>
      <if test="picUrl != null">
        pic_url,
      </if>
      <if test="updateTime != null">
        update_time,
      </if>
      <if test="createTime != null">
        create_time,
      </if>
      <if test="remark != null">
        remark,
      </if>
    </trim>
    <trim prefix="values (" suffix=")" suffixOverrides=",">
      <if test="id != null">
        #{id,jdbcType=BIGINT},
      </if>
      <if test="shopNo != null">
        #{shopNo,jdbcType=BIGINT},
      </if>
      <if test="goodsCode != null">
        #{goodsCode,jdbcType=BIGINT},
      </if>
      <if test="saleDepartment != null">
        #{saleDepartment,jdbcType=VARCHAR},
      </if>
      <if test="saleTaxRate != null">
        #{saleTaxRate,jdbcType=DECIMAL},
      </if>
      <if test="salePrice != null">
        #{salePrice,jdbcType=DECIMAL},
      </if>
      <if test="purchasePrice != null">
        #{purchasePrice,jdbcType=DECIMAL},
      </if>
      <if test="barCode != null">
        #{barCode,jdbcType=BIGINT},
      </if>
      <if test="returnMark != null">
        #{returnMark,jdbcType=TINYINT},
      </if>
      <if test="saleMark != null">
        #{saleMark,jdbcType=TINYINT},
      </if>
      <if test="status != null">
        #{status,jdbcType=TINYINT},
      </if>
      <if test="stock != null">
        #{stock,jdbcType=BIGINT},
      </if>
      <if test="picUrl != null">
        #{picUrl,jdbcType=VARCHAR},
      </if>
      <if test="updateTime != null">
        #{updateTime,jdbcType=TIMESTAMP},
      </if>
      <if test="createTime != null">
        #{createTime,jdbcType=TIMESTAMP},
      </if>
      <if test="remark != null">
        #{remark,jdbcType=VARCHAR},
      </if>
    </trim>
  </insert>
  <select id="countByExample" parameterType="com.sinochem.pojo.XbGoodsDeptExample" resultType="java.lang.Long">
    <!--
      WARNING - @mbg.generated
      This element is automatically generated by MyBatis Generator, do not modify.
      This element was generated on Mon Mar 12 09:05:31 CST 2018.
    -->
    select count(*) from xb_goods_dept
    <if test="_parameter != null">
      <include refid="Example_Where_Clause" />
    </if>
  </select>
  <update id="updateByExampleSelective" parameterType="map">
    <!--
      WARNING - @mbg.generated
      This element is automatically generated by MyBatis Generator, do not modify.
      This element was generated on Mon Mar 12 09:05:31 CST 2018.
    -->
    update xb_goods_dept
    <set>
      <if test="record.id != null">
        id = #{record.id,jdbcType=BIGINT},
      </if>
      <if test="record.shopNo != null">
        shop_no = #{record.shopNo,jdbcType=BIGINT},
      </if>
      <if test="record.goodsCode != null">
        goods_code = #{record.goodsCode,jdbcType=BIGINT},
      </if>
      <if test="record.saleDepartment != null">
        sale_department = #{record.saleDepartment,jdbcType=VARCHAR},
      </if>
      <if test="record.saleTaxRate != null">
        sale_tax_rate = #{record.saleTaxRate,jdbcType=DECIMAL},
      </if>
      <if test="record.salePrice != null">
        sale_price = #{record.salePrice,jdbcType=DECIMAL},
      </if>
      <if test="record.purchasePrice != null">
        purchase_price = #{record.purchasePrice,jdbcType=DECIMAL},
      </if>
      <if test="record.barCode != null">
        bar_code = #{record.barCode,jdbcType=BIGINT},
      </if>
      <if test="record.returnMark != null">
        return_mark = #{record.returnMark,jdbcType=TINYINT},
      </if>
      <if test="record.saleMark != null">
        sale_mark = #{record.saleMark,jdbcType=TINYINT},
      </if>
      <if test="record.status != null">
        status = #{record.status,jdbcType=TINYINT},
      </if>
      <if test="record.stock != null">
        stock = #{record.stock,jdbcType=BIGINT},
      </if>
      <if test="record.picUrl != null">
        pic_url = #{record.picUrl,jdbcType=VARCHAR},
      </if>
      <if test="record.updateTime != null">
        update_time = #{record.updateTime,jdbcType=TIMESTAMP},
      </if>
      <if test="record.createTime != null">
        create_time = #{record.createTime,jdbcType=TIMESTAMP},
      </if>
      <if test="record.remark != null">
        remark = #{record.remark,jdbcType=VARCHAR},
      </if>
    </set>
    <if test="_parameter != null">
      <include refid="Update_By_Example_Where_Clause" />
    </if>
  </update>
  <update id="updateByExample" parameterType="map">
    <!--
      WARNING - @mbg.generated
      This element is automatically generated by MyBatis Generator, do not modify.
      This element was generated on Mon Mar 12 09:05:31 CST 2018.
    -->
    update xb_goods_dept
    set id = #{record.id,jdbcType=BIGINT},
      shop_no = #{record.shopNo,jdbcType=BIGINT},
      goods_code = #{record.goodsCode,jdbcType=BIGINT},
      sale_department = #{record.saleDepartment,jdbcType=VARCHAR},
      sale_tax_rate = #{record.saleTaxRate,jdbcType=DECIMAL},
      sale_price = #{record.salePrice,jdbcType=DECIMAL},
      purchase_price = #{record.purchasePrice,jdbcType=DECIMAL},
      bar_code = #{record.barCode,jdbcType=BIGINT},
      return_mark = #{record.returnMark,jdbcType=TINYINT},
      sale_mark = #{record.saleMark,jdbcType=TINYINT},
      status = #{record.status,jdbcType=TINYINT},
      stock = #{record.stock,jdbcType=BIGINT},
      pic_url = #{record.picUrl,jdbcType=VARCHAR},
      update_time = #{record.updateTime,jdbcType=TIMESTAMP},
      create_time = #{record.createTime,jdbcType=TIMESTAMP},
      remark = #{record.remark,jdbcType=VARCHAR}
    <if test="_parameter != null">
      <include refid="Update_By_Example_Where_Clause" />
    </if>
  </update>
  <update id="updateByPrimaryKeySelective" parameterType="com.sinochem.pojo.XbGoodsDept">
    <!--
      WARNING - @mbg.generated
      This element is automatically generated by MyBatis Generator, do not modify.
      This element was generated on Mon Mar 12 09:05:31 CST 2018.
    -->
    update xb_goods_dept
    <set>
      <if test="shopNo != null">
        shop_no = #{shopNo,jdbcType=BIGINT},
      </if>
      <if test="goodsCode != null">
        goods_code = #{goodsCode,jdbcType=BIGINT},
      </if>
      <if test="saleDepartment != null">
        sale_department = #{saleDepartment,jdbcType=VARCHAR},
      </if>
      <if test="saleTaxRate != null">
        sale_tax_rate = #{saleTaxRate,jdbcType=DECIMAL},
      </if>
      <if test="salePrice != null">
        sale_price = #{salePrice,jdbcType=DECIMAL},
      </if>
      <if test="purchasePrice != null">
        purchase_price = #{purchasePrice,jdbcType=DECIMAL},
      </if>
      <if test="barCode != null">
        bar_code = #{barCode,jdbcType=BIGINT},
      </if>
      <if test="returnMark != null">
        return_mark = #{returnMark,jdbcType=TINYINT},
      </if>
      <if test="saleMark != null">
        sale_mark = #{saleMark,jdbcType=TINYINT},
      </if>
      <if test="status != null">
        status = #{status,jdbcType=TINYINT},
      </if>
      <if test="stock != null">
        stock = #{stock,jdbcType=BIGINT},
      </if>
      <if test="picUrl != null">
        pic_url = #{picUrl,jdbcType=VARCHAR},
      </if>
      <if test="updateTime != null">
        update_time = #{updateTime,jdbcType=TIMESTAMP},
      </if>
      <if test="createTime != null">
        create_time = #{createTime,jdbcType=TIMESTAMP},
      </if>
      <if test="remark != null">
        remark = #{remark,jdbcType=VARCHAR},
      </if>
    </set>
    where id = #{id,jdbcType=BIGINT}
  </update>
  <update id="updateByPrimaryKey" parameterType="com.sinochem.pojo.XbGoodsDept">
    <!--
      WARNING - @mbg.generated
      This element is automatically generated by MyBatis Generator, do not modify.
      This element was generated on Mon Mar 12 09:05:31 CST 2018.
    -->
    update xb_goods_dept
    set shop_no = #{shopNo,jdbcType=BIGINT},
      goods_code = #{goodsCode,jdbcType=BIGINT},
      sale_department = #{saleDepartment,jdbcType=VARCHAR},
      sale_tax_rate = #{saleTaxRate,jdbcType=DECIMAL},
      sale_price = #{salePrice,jdbcType=DECIMAL},
      purchase_price = #{purchasePrice,jdbcType=DECIMAL},
      bar_code = #{barCode,jdbcType=BIGINT},
      return_mark = #{returnMark,jdbcType=TINYINT},
      sale_mark = #{saleMark,jdbcType=TINYINT},
      status = #{status,jdbcType=TINYINT},
      stock = #{stock,jdbcType=BIGINT},
      pic_url = #{picUrl,jdbcType=VARCHAR},
      update_time = #{updateTime,jdbcType=TIMESTAMP},
      create_time = #{createTime,jdbcType=TIMESTAMP},
      remark = #{remark,jdbcType=VARCHAR}
    where id = #{id,jdbcType=BIGINT}
  </update>
</mapper>