<?xml version="1.0" encoding="UTF-8"?>
<!DOCTYPE mapper PUBLIC "-//mybatis.org//DTD Mapper 3.0//EN" "http://mybatis.org/dtd/mybatis-3-mapper.dtd">
<mapper namespace="com.sinochem.mapper.XbOrderDetailMapper">
  <resultMap id="BaseResultMap" type="com.sinochem.pojo.XbOrderDetail">
    <!--
      WARNING - @mbg.generated
      This element is automatically generated by MyBatis Generator, do not modify.
      This element was generated on Mon Mar 12 15:16:16 CST 2018.
    -->
    <id column="id" jdbcType="BIGINT" property="id" />
    <result column="order_no" jdbcType="VARCHAR" property="orderNo" />
    <result column="goods_code" jdbcType="BIGINT" property="goodsCode" />
    <result column="goods_name" jdbcType="VARCHAR" property="goodsName" />
    <result column="sale_price" jdbcType="DECIMAL" property="salePrice" />
    <result column="category_type" jdbcType="TINYINT" property="categoryType" />
    <result column="brand_name" jdbcType="VARCHAR" property="brandName" />
    <result column="bar_code" jdbcType="BIGINT" property="barCode" />
    <result column="short_goods_name" jdbcType="VARCHAR" property="shortGoodsName" />
    <result column="sap_stock" jdbcType="VARCHAR" property="sapStock" />
    <result column="sale_department" jdbcType="VARCHAR" property="saleDepartment" />
    <result column="sale_tax_rate" jdbcType="DECIMAL" property="saleTaxRate" />
    <result column="pic_url" jdbcType="VARCHAR" property="picUrl" />
    <result column="origin_place" jdbcType="VARCHAR" property="originPlace" />
    <result column="goods_count" jdbcType="INTEGER" property="goodsCountD" />
    <result column="goods_amount" jdbcType="DECIMAL" property="goodsAmount" />
    <result column="remark" jdbcType="VARCHAR" property="remarkD" />
  </resultMap>
  <resultMap id="ShopBaseResultMap" type="com.sinochem.pojo.XbOrderDetail">
    <!--
      WARNING - @mbg.generated
      This element is automatically generated by MyBatis Generator, do not modify.
      This element was generated on Mon Mar 12 15:16:16 CST 2018.
    -->
    <id column="id" jdbcType="BIGINT" property="did" />
    <result column="order_no" jdbcType="VARCHAR" property="orderNo" />
    <result column="goods_code" jdbcType="BIGINT" property="goodsCode" />
    <result column="goods_name" jdbcType="VARCHAR" property="goodsName" />
    <result column="sale_price" jdbcType="DECIMAL" property="salePrice" />
    <result column="category_type" jdbcType="TINYINT" property="categoryType" />
    <result column="brand_name" jdbcType="VARCHAR" property="brandName" />
    <result column="bar_code" jdbcType="BIGINT" property="barCode" />
    <result column="short_goods_name" jdbcType="VARCHAR" property="shortGoodsName" />
    <result column="sap_stock" jdbcType="VARCHAR" property="sapStock" />
    <result column="sale_department" jdbcType="VARCHAR" property="saleDepartment" />
    <result column="sale_tax_rate" jdbcType="DECIMAL" property="saleTaxRate" />
    <result column="pic_url" jdbcType="VARCHAR" property="picUrl" />
    <result column="origin_place" jdbcType="VARCHAR" property="originPlace" />
    <result column="goods_count" jdbcType="INTEGER" property="goodsCountD" />
    <result column="goods_amount" jdbcType="DECIMAL" property="goodsAmount" />
    <result column="remark" jdbcType="VARCHAR" property="remarkD" />
    <result column="shop_no" jdbcType="BIGINT" property="shopNo" />
    <result column="shop_name" jdbcType="VARCHAR" property="shopName" />
    <result column="pay_time" jdbcType="TIMESTAMP" property="payTime" />
    <result column="trade_done" jdbcType="BIT" property="tradeDone" />
  </resultMap>
  <sql id="Example_Where_Clause">
    <!--
      WARNING - @mbg.generated
      This element is automatically generated by MyBatis Generator, do not modify.
      This element was generated on Mon Mar 12 15:16:16 CST 2018.
    -->
    <where>
      <foreach collection="oredCriteria" item="criteria" separator="or">
        <if test="criteria.valid">
          <trim prefix="(" prefixOverrides="and" suffix=")">
            <foreach collection="criteria.criteria" item="criterion">
              <choose>
                <when test="criterion.noValue">
                  and ${criterion.condition}
                </when>
                <when test="criterion.singleValue">
                  and ${criterion.condition} #{criterion.value}
                </when>
                <when test="criterion.betweenValue">
                  and ${criterion.condition} #{criterion.value} and #{criterion.secondValue}
                </when>
                <when test="criterion.listValue">
                  and ${criterion.condition}
                  <foreach close=")" collection="criterion.value" item="listItem" open="(" separator=",">
                    #{listItem}
                  </foreach>
                </when>
              </choose>
            </foreach>
          </trim>
        </if>
      </foreach>
    </where>
  </sql>
  <sql id="Update_By_Example_Where_Clause">
    <!--
      WARNING - @mbg.generated
      This element is automatically generated by MyBatis Generator, do not modify.
      This element was generated on Mon Mar 12 15:16:16 CST 2018.
    -->
    <where>
      <foreach collection="example.oredCriteria" item="criteria" separator="or">
        <if test="criteria.valid">
          <trim prefix="(" prefixOverrides="and" suffix=")">
            <foreach collection="criteria.criteria" item="criterion">
              <choose>
                <when test="criterion.noValue">
                  and ${criterion.condition}
                </when>
                <when test="criterion.singleValue">
                  and ${criterion.condition} #{criterion.value}
                </when>
                <when test="criterion.betweenValue">
                  and ${criterion.condition} #{criterion.value} and #{criterion.secondValue}
                </when>
                <when test="criterion.listValue">
                  and ${criterion.condition}
                  <foreach close=")" collection="criterion.value" item="listItem" open="(" separator=",">
                    #{listItem}
                  </foreach>
                </when>
              </choose>
            </foreach>
          </trim>
        </if>
      </foreach>
    </where>
  </sql>
  <sql id="Base_Column_List">
    <!--
      WARNING - @mbg.generated
      This element is automatically generated by MyBatis Generator, do not modify.
      This element was generated on Mon Mar 12 15:16:16 CST 2018.
    -->
    id, order_no, goods_code, goods_name, sale_price, category_type, brand_name, bar_code, 
    short_goods_name, sap_stock, sale_department, sale_tax_rate, pic_url, origin_place, 
    goods_count, goods_amount, remark
  </sql>
  <select id="selectByExample" parameterType="com.sinochem.pojo.XbOrderDetailExample" resultMap="BaseResultMap">
    <!--
      WARNING - @mbg.generated
      This element is automatically generated by MyBatis Generator, do not modify.
      This element was generated on Mon Mar 12 15:16:16 CST 2018.
    -->
    select
    <if test="distinct">
      distinct
    </if>
    <include refid="Base_Column_List" />
    from xb_order_detail
    <if test="_parameter != null">
      <include refid="Example_Where_Clause" />
    </if>
    <if test="orderByClause != null">
      order by ${orderByClause}
    </if>
  </select>
  <select id="selectByPrimaryKey" parameterType="java.lang.Long" resultMap="BaseResultMap">
    <!--
      WARNING - @mbg.generated
      This element is automatically generated by MyBatis Generator, do not modify.
      This element was generated on Mon Mar 12 15:16:16 CST 2018.
    -->
    select 
    <include refid="Base_Column_List" />
    from xb_order_detail
    where id = #{id,jdbcType=BIGINT}
  </select>
  <delete id="deleteByPrimaryKey" parameterType="java.lang.Long">
    <!--
      WARNING - @mbg.generated
      This element is automatically generated by MyBatis Generator, do not modify.
      This element was generated on Mon Mar 12 15:16:16 CST 2018.
    -->
    delete from xb_order_detail
    where id = #{id,jdbcType=BIGINT}
  </delete>
  <delete id="deleteByExample" parameterType="com.sinochem.pojo.XbOrderDetailExample">
    <!--
      WARNING - @mbg.generated
      This element is automatically generated by MyBatis Generator, do not modify.
      This element was generated on Mon Mar 12 15:16:16 CST 2018.
    -->
    delete from xb_order_detail
    <if test="_parameter != null">
      <include refid="Example_Where_Clause" />
    </if>
  </delete>
  <insert id="insert" parameterType="com.sinochem.pojo.XbOrderDetail">
    <!--
      WARNING - @mbg.generated
      This element is automatically generated by MyBatis Generator, do not modify.
      This element was generated on Mon Mar 12 15:16:16 CST 2018.
    -->
    insert into xb_order_detail (id, order_no, goods_code, 
      goods_name, sale_price, category_type, 
      brand_name, bar_code, short_goods_name, 
      sap_stock, sale_department, sale_tax_rate, 
      pic_url, origin_place, goods_count, 
      goods_amount, remark)
    values (#{id,jdbcType=BIGINT}, #{orderNo,jdbcType=VARCHAR}, #{goodsCode,jdbcType=BIGINT},
      #{goodsName,jdbcType=VARCHAR}, #{salePrice,jdbcType=DECIMAL}, #{categoryType,jdbcType=TINYINT}, 
      #{brandName,jdbcType=VARCHAR}, #{barCode,jdbcType=BIGINT}, #{shortGoodsName,jdbcType=VARCHAR}, 
      #{sapStock,jdbcType=VARCHAR}, #{saleDepartment,jdbcType=VARCHAR}, #{saleTaxRate,jdbcType=DECIMAL}, 
      #{picUrl,jdbcType=VARCHAR}, #{originPlace,jdbcType=VARCHAR}, #{goodsCountD,jdbcType=INTEGER},
      #{goodsAmount,jdbcType=DECIMAL}, #{remarkD,jdbcType=VARCHAR})
  </insert>
  <insert id="insertSelective" parameterType="com.sinochem.pojo.XbOrderDetail">
    <!--
      WARNING - @mbg.generated
      This element is automatically generated by MyBatis Generator, do not modify.
      This element was generated on Mon Mar 12 15:16:16 CST 2018.
    -->
    insert into xb_order_detail
    <trim prefix="(" suffix=")" suffixOverrides=",">
      <if test="id != null">
        id,
      </if>
      <if test="orderNo != null">
        order_no,
      </if>
      <if test="goodsCode != null">
        goods_code,
      </if>
      <if test="goodsName != null">
        goods_name,
      </if>
      <if test="salePrice != null">
        sale_price,
      </if>
      <if test="categoryType != null">
        category_type,
      </if>
      <if test="brandName != null">
        brand_name,
      </if>
      <if test="barCode != null">
        bar_code,
      </if>
      <if test="shortGoodsName != null">
        short_goods_name,
      </if>
      <if test="sapStock != null">
        sap_stock,
      </if>
      <if test="saleDepartment != null">
        sale_department,
      </if>
      <if test="saleTaxRate != null">
        sale_tax_rate,
      </if>
      <if test="picUrl != null">
        pic_url,
      </if>
      <if test="originPlace != null">
        origin_place,
      </if>
      <if test="goodsCountD != null">
        goods_count,
      </if>
      <if test="goodsAmount != null">
        goods_amount,
      </if>
      <if test="remarkD != null">
        remark,
      </if>
    </trim>
    <trim prefix="values (" suffix=")" suffixOverrides=",">
      <if test="id != null">
        #{id,jdbcType=BIGINT},
      </if>
      <if test="orderNo != null">
        #{orderNo,jdbcType=VARCHAR},
      </if>
      <if test="goodsCode != null">
        #{goodsCode,jdbcType=BIGINT},
      </if>
      <if test="goodsName != null">
        #{goodsName,jdbcType=VARCHAR},
      </if>
      <if test="salePrice != null">
        #{salePrice,jdbcType=DECIMAL},
      </if>
      <if test="categoryType != null">
        #{categoryType,jdbcType=TINYINT},
      </if>
      <if test="brandName != null">
        #{brandName,jdbcType=VARCHAR},
      </if>
      <if test="barCode != null">
        #{barCode,jdbcType=BIGINT},
      </if>
      <if test="shortGoodsName != null">
        #{shortGoodsName,jdbcType=VARCHAR},
      </if>
      <if test="sapStock != null">
        #{sapStock,jdbcType=VARCHAR},
      </if>
      <if test="saleDepartment != null">
        #{saleDepartment,jdbcType=VARCHAR},
      </if>
      <if test="saleTaxRate != null">
        #{saleTaxRate,jdbcType=DECIMAL},
      </if>
      <if test="picUrl != null">
        #{picUrl,jdbcType=VARCHAR},
      </if>
      <if test="originPlace != null">
        #{originPlace,jdbcType=VARCHAR},
      </if>
      <if test="goodsCountD != null">
        #{goodsCountD,jdbcType=INTEGER},
      </if>
      <if test="goodsAmount != null">
        #{goodsAmount,jdbcType=DECIMAL},
      </if>
      <if test="remarkD != null">
        #{remarkD,jdbcType=VARCHAR},
      </if>
    </trim>
  </insert>
  <select id="countByExample" parameterType="com.sinochem.pojo.XbOrderDetailExample" resultType="java.lang.Long">
    <!--
      WARNING - @mbg.generated
      This element is automatically generated by MyBatis Generator, do not modify.
      This element was generated on Mon Mar 12 15:16:16 CST 2018.
    -->
    select count(*) from xb_order_detail
    <if test="_parameter != null">
      <include refid="Example_Where_Clause" />
    </if>
  </select>
  <!-- 后台管理系统订单查询-->
  <select id="selectOrderDetailList" parameterType="com.sinochem.pojo.vo.OrderRequest" resultMap="ShopBaseResultMap">
    select d.*,o.shop_no as shop_no,o.pay_time as pay_time,o.trade_done as trade_done, s.shop_name as shop_name from xb_order as o
    left join xb_order_detail as d on o.order_no=d.order_no
    left join xb_shop as s on o.shop_no=s.shop_no
    where o.order_status=1
    <if test="createStartDate != null">
      and o.pay_time &gt;= #{createStartDate}
    </if>
    <if test="createEndDate != null">
      and o.pay_time &lt;= #{createEndDate}
    </if>
    <if test="shopNo != null">
      and o.shop_no = #{shopNo}
    </if>
    <if test="tradeDone != null">
      and o.trade_done = #{tradeDone}
    </if>
  </select>
  <update id="updateByExampleSelective" parameterType="map">
    <!--
      WARNING - @mbg.generated
      This element is automatically generated by MyBatis Generator, do not modify.
      This element was generated on Mon Mar 12 15:16:16 CST 2018.
    -->
    update xb_order_detail
    <set>
      <if test="record.id != null">
        id = #{record.id,jdbcType=BIGINT},
      </if>
      <if test="record.orderNo != null">
        order_no = #{record.orderNo,jdbcType=VARCHAR},
      </if>
      <if test="record.goodsCode != null">
        goods_code = #{record.goodsCode,jdbcType=BIGINT},
      </if>
      <if test="record.goodsName != null">
        goods_name = #{record.goodsName,jdbcType=VARCHAR},
      </if>
      <if test="record.salePrice != null">
        sale_price = #{record.salePrice,jdbcType=DECIMAL},
      </if>
      <if test="record.categoryType != null">
        category_type = #{record.categoryType,jdbcType=TINYINT},
      </if>
      <if test="record.brandName != null">
        brand_name = #{record.brandName,jdbcType=VARCHAR},
      </if>
      <if test="record.barCode != null">
        bar_code = #{record.barCode,jdbcType=BIGINT},
      </if>
      <if test="record.shortGoodsName != null">
        short_goods_name = #{record.shortGoodsName,jdbcType=VARCHAR},
      </if>
      <if test="record.sapStock != null">
        sap_stock = #{record.sapStock,jdbcType=VARCHAR},
      </if>
      <if test="record.saleDepartment != null">
        sale_department = #{record.saleDepartment,jdbcType=VARCHAR},
      </if>
      <if test="record.saleTaxRate != null">
        sale_tax_rate = #{record.saleTaxRate,jdbcType=DECIMAL},
      </if>
      <if test="record.picUrl != null">
        pic_url = #{record.picUrl,jdbcType=VARCHAR},
      </if>
      <if test="record.originPlace != null">
        origin_place = #{record.originPlace,jdbcType=VARCHAR},
      </if>
      <if test="record.goodsCountD != null">
        goods_count = #{record.goodsCountD,jdbcType=INTEGER},
      </if>
      <if test="record.goodsAmount != null">
        goods_amount = #{record.goodsAmount,jdbcType=DECIMAL},
      </if>
      <if test="record.remarkD != null">
        remark = #{record.remarkD,jdbcType=VARCHAR},
      </if>
    </set>
    <if test="_parameter != null">
      <include refid="Update_By_Example_Where_Clause" />
    </if>
  </update>
  <update id="updateByExample" parameterType="map">
    <!--
      WARNING - @mbg.generated
      This element is automatically generated by MyBatis Generator, do not modify.
      This element was generated on Mon Mar 12 15:16:16 CST 2018.
    -->
    update xb_order_detail
    set id = #{record.id,jdbcType=BIGINT},
      order_no = #{record.orderNo,jdbcType=VARCHAR},
      goods_code = #{record.goodsCode,jdbcType=BIGINT},
      goods_name = #{record.goodsName,jdbcType=VARCHAR},
      sale_price = #{record.salePrice,jdbcType=DECIMAL},
      category_type = #{record.categoryType,jdbcType=TINYINT},
      brand_name = #{record.brandName,jdbcType=VARCHAR},
      bar_code = #{record.barCode,jdbcType=BIGINT},
      short_goods_name = #{record.shortGoodsName,jdbcType=VARCHAR},
      sap_stock = #{record.sapStock,jdbcType=VARCHAR},
      sale_department = #{record.saleDepartment,jdbcType=VARCHAR},
      sale_tax_rate = #{record.saleTaxRate,jdbcType=DECIMAL},
      pic_url = #{record.picUrl,jdbcType=VARCHAR},
      origin_place = #{record.originPlace,jdbcType=VARCHAR},
      goods_count = #{record.goodsCountD,jdbcType=INTEGER},
      goods_amount = #{record.goodsAmount,jdbcType=DECIMAL},
      remark = #{record.remarkD,jdbcType=VARCHAR}
    <if test="_parameter != null">
      <include refid="Update_By_Example_Where_Clause" />
    </if>
  </update>
  <update id="updateByPrimaryKeySelective" parameterType="com.sinochem.pojo.XbOrderDetail">
    <!--
      WARNING - @mbg.generated
      This element is automatically generated by MyBatis Generator, do not modify.
      This element was generated on Mon Mar 12 15:16:16 CST 2018.
    -->
    update xb_order_detail
    <set>
      <if test="orderNo != null">
        order_no = #{orderNo,jdbcType=VARCHAR},
      </if>
      <if test="goodsCode != null">
        goods_code = #{goodsCode,jdbcType=BIGINT},
      </if>
      <if test="goodsName != null">
        goods_name = #{goodsName,jdbcType=VARCHAR},
      </if>
      <if test="salePrice != null">
        sale_price = #{salePrice,jdbcType=DECIMAL},
      </if>
      <if test="categoryType != null">
        category_type = #{categoryType,jdbcType=TINYINT},
      </if>
      <if test="brandName != null">
        brand_name = #{brandName,jdbcType=VARCHAR},
      </if>
      <if test="barCode != null">
        bar_code = #{barCode,jdbcType=BIGINT},
      </if>
      <if test="shortGoodsName != null">
        short_goods_name = #{shortGoodsName,jdbcType=VARCHAR},
      </if>
      <if test="sapStock != null">
        sap_stock = #{sapStock,jdbcType=VARCHAR},
      </if>
      <if test="saleDepartment != null">
        sale_department = #{saleDepartment,jdbcType=VARCHAR},
      </if>
      <if test="saleTaxRate != null">
        sale_tax_rate = #{saleTaxRate,jdbcType=DECIMAL},
      </if>
      <if test="picUrl != null">
        pic_url = #{picUrl,jdbcType=VARCHAR},
      </if>
      <if test="originPlace != null">
        origin_place = #{originPlace,jdbcType=VARCHAR},
      </if>
      <if test="goodsCountD != null">
        goods_count = #{goodsCountD,jdbcType=INTEGER},
      </if>
      <if test="goodsAmount != null">
        goods_amount = #{goodsAmount,jdbcType=DECIMAL},
      </if>
      <if test="remarkD != null">
        remark = #{remarkD,jdbcType=VARCHAR},
      </if>
    </set>
    where id = #{id,jdbcType=BIGINT}
  </update>
  <update id="updateByPrimaryKey" parameterType="com.sinochem.pojo.XbOrderDetail">
    <!--
      WARNING - @mbg.generated
      This element is automatically generated by MyBatis Generator, do not modify.
      This element was generated on Mon Mar 12 15:16:16 CST 2018.
    -->
    update xb_order_detail
    set order_no = #{orderNo,jdbcType=VARCHAR},
      goods_code = #{goodsCode,jdbcType=BIGINT},
      goods_name = #{goodsName,jdbcType=VARCHAR},
      sale_price = #{salePrice,jdbcType=DECIMAL},
      category_type = #{categoryType,jdbcType=TINYINT},
      brand_name = #{brandName,jdbcType=VARCHAR},
      bar_code = #{barCode,jdbcType=BIGINT},
      short_goods_name = #{shortGoodsName,jdbcType=VARCHAR},
      sap_stock = #{sapStock,jdbcType=VARCHAR},
      sale_department = #{saleDepartment,jdbcType=VARCHAR},
      sale_tax_rate = #{saleTaxRate,jdbcType=DECIMAL},
      pic_url = #{picUrl,jdbcType=VARCHAR},
      origin_place = #{originPlace,jdbcType=VARCHAR},
      goods_count = #{goodsCountD,jdbcType=INTEGER},
      goods_amount = #{goodsAmount,jdbcType=DECIMAL},
      remark = #{remarkD,jdbcType=VARCHAR}
    where id = #{id,jdbcType=BIGINT}
  </update>
</mapper>