<?xml version="1.0" encoding="UTF-8"?>
<!DOCTYPE mapper PUBLIC "-//mybatis.org//DTD Mapper 3.0//EN" "http://mybatis.org/dtd/mybatis-3-mapper.dtd">
<mapper namespace="com.sinochem.mapper.XbOrderPaidInfoMapper">
  <resultMap id="BaseResultMap" type="com.sinochem.pojo.XbOrderPaidInfo">
    <constructor>
      <arg column="id" javaType="java.lang.Long" jdbcType="BIGINT" />
      <arg column="appid" javaType="java.lang.String" jdbcType="VARCHAR" />
      <arg column="attach" javaType="java.lang.String" jdbcType="VARCHAR" />
      <arg column="bank_type" javaType="java.lang.String" jdbcType="VARCHAR" />
      <arg column="cash_fee" javaType="java.lang.String" jdbcType="VARCHAR" />
      <arg column="device_info" javaType="java.lang.String" jdbcType="VARCHAR" />
      <arg column="fee_type" javaType="java.lang.String" jdbcType="VARCHAR" />
      <arg column="is_subscribe" javaType="java.lang.String" jdbcType="VARCHAR" />
      <arg column="mch_id" javaType="java.lang.String" jdbcType="VARCHAR" />
      <arg column="nonce_str" javaType="java.lang.String" jdbcType="VARCHAR" />
      <arg column="openid" javaType="java.lang.String" jdbcType="VARCHAR" />
      <arg column="out_trade_no" javaType="java.lang.String" jdbcType="VARCHAR" />
      <arg column="result_code" javaType="java.lang.String" jdbcType="VARCHAR" />
      <arg column="return_code" javaType="java.lang.String" jdbcType="VARCHAR" />
      <arg column="sign" javaType="java.lang.String" jdbcType="VARCHAR" />
      <arg column="time_end" javaType="java.lang.String" jdbcType="VARCHAR" />
      <arg column="total_fee" javaType="java.lang.String" jdbcType="VARCHAR" />
      <arg column="trade_type" javaType="java.lang.String" jdbcType="VARCHAR" />
      <arg column="transaction_id" javaType="java.lang.String" jdbcType="VARCHAR" />
      <arg column="create_date" javaType="java.util.Date" jdbcType="TIMESTAMP" />
    </constructor>
  </resultMap>
  <sql id="Example_Where_Clause">
    <where>
      <foreach collection="oredCriteria" item="criteria" separator="or">
        <if test="criteria.valid">
          <trim prefix="(" prefixOverrides="and" suffix=")">
            <foreach collection="criteria.criteria" item="criterion">
              <choose>
                <when test="criterion.noValue">
                  and ${criterion.condition}
                </when>
                <when test="criterion.singleValue">
                  and ${criterion.condition} #{criterion.value}
                </when>
                <when test="criterion.betweenValue">
                  and ${criterion.condition} #{criterion.value} and #{criterion.secondValue}
                </when>
                <when test="criterion.listValue">
                  and ${criterion.condition}
                  <foreach close=")" collection="criterion.value" item="listItem" open="(" separator=",">
                    #{listItem}
                  </foreach>
                </when>
              </choose>
            </foreach>
          </trim>
        </if>
      </foreach>
    </where>
  </sql>
  <sql id="Update_By_Example_Where_Clause">
    <where>
      <foreach collection="example.oredCriteria" item="criteria" separator="or">
        <if test="criteria.valid">
          <trim prefix="(" prefixOverrides="and" suffix=")">
            <foreach collection="criteria.criteria" item="criterion">
              <choose>
                <when test="criterion.noValue">
                  and ${criterion.condition}
                </when>
                <when test="criterion.singleValue">
                  and ${criterion.condition} #{criterion.value}
                </when>
                <when test="criterion.betweenValue">
                  and ${criterion.condition} #{criterion.value} and #{criterion.secondValue}
                </when>
                <when test="criterion.listValue">
                  and ${criterion.condition}
                  <foreach close=")" collection="criterion.value" item="listItem" open="(" separator=",">
                    #{listItem}
                  </foreach>
                </when>
              </choose>
            </foreach>
          </trim>
        </if>
      </foreach>
    </where>
  </sql>
  <sql id="Base_Column_List">
    id, appid, attach, bank_type, cash_fee, device_info, fee_type, is_subscribe, mch_id, 
    nonce_str, openid, out_trade_no, result_code, return_code, sign, time_end, total_fee, 
    trade_type, transaction_id, create_date
  </sql>
  <select id="selectByExample" parameterType="com.sinochem.pojo.XbOrderPaidInfoExample" resultMap="BaseResultMap">
    select
    <if test="distinct">
      distinct
    </if>
    'true' as QUERYID,
    <include refid="Base_Column_List" />
    from xb_order_paid_info
    <if test="_parameter != null">
      <include refid="Example_Where_Clause" />
    </if>
    <if test="orderByClause != null">
      order by ${orderByClause}
    </if>
  </select>
  <insert id="insert" parameterType="com.sinochem.pojo.XbOrderPaidInfo">
    insert into xb_order_paid_info (id, appid, attach, 
      bank_type, cash_fee, device_info, 
      fee_type, is_subscribe, mch_id, 
      nonce_str, openid, out_trade_no, 
      result_code, return_code, sign, 
      time_end, total_fee, trade_type, 
      transaction_id, create_date)
    values (#{id,jdbcType=BIGINT}, #{appid,jdbcType=VARCHAR}, #{attach,jdbcType=VARCHAR}, 
      #{bankType,jdbcType=VARCHAR}, #{cashFee,jdbcType=VARCHAR}, #{deviceInfo,jdbcType=VARCHAR}, 
      #{feeType,jdbcType=VARCHAR}, #{isSubscribe,jdbcType=VARCHAR}, #{mchId,jdbcType=VARCHAR}, 
      #{nonceStr,jdbcType=VARCHAR}, #{openid,jdbcType=VARCHAR}, #{outTradeNo,jdbcType=VARCHAR}, 
      #{resultCode,jdbcType=VARCHAR}, #{returnCode,jdbcType=VARCHAR}, #{sign,jdbcType=VARCHAR}, 
      #{timeEnd,jdbcType=VARCHAR}, #{totalFee,jdbcType=VARCHAR}, #{tradeType,jdbcType=VARCHAR}, 
      #{transactionId,jdbcType=VARCHAR}, #{createDate,jdbcType=TIMESTAMP})
  </insert>
  <insert id="insertSelective" parameterType="com.sinochem.pojo.XbOrderPaidInfo">
    insert into xb_order_paid_info
    <trim prefix="(" suffix=")" suffixOverrides=",">
      <if test="id != null">
        id,
      </if>
      <if test="appid != null">
        appid,
      </if>
      <if test="attach != null">
        attach,
      </if>
      <if test="bankType != null">
        bank_type,
      </if>
      <if test="cashFee != null">
        cash_fee,
      </if>
      <if test="deviceInfo != null">
        device_info,
      </if>
      <if test="feeType != null">
        fee_type,
      </if>
      <if test="isSubscribe != null">
        is_subscribe,
      </if>
      <if test="mchId != null">
        mch_id,
      </if>
      <if test="nonceStr != null">
        nonce_str,
      </if>
      <if test="openid != null">
        openid,
      </if>
      <if test="outTradeNo != null">
        out_trade_no,
      </if>
      <if test="resultCode != null">
        result_code,
      </if>
      <if test="returnCode != null">
        return_code,
      </if>
      <if test="sign != null">
        sign,
      </if>
      <if test="timeEnd != null">
        time_end,
      </if>
      <if test="totalFee != null">
        total_fee,
      </if>
      <if test="tradeType != null">
        trade_type,
      </if>
      <if test="transactionId != null">
        transaction_id,
      </if>
      <if test="createDate != null">
        create_date,
      </if>
    </trim>
    <trim prefix="values (" suffix=")" suffixOverrides=",">
      <if test="id != null">
        #{id,jdbcType=BIGINT},
      </if>
      <if test="appid != null">
        #{appid,jdbcType=VARCHAR},
      </if>
      <if test="attach != null">
        #{attach,jdbcType=VARCHAR},
      </if>
      <if test="bankType != null">
        #{bankType,jdbcType=VARCHAR},
      </if>
      <if test="cashFee != null">
        #{cashFee,jdbcType=VARCHAR},
      </if>
      <if test="deviceInfo != null">
        #{deviceInfo,jdbcType=VARCHAR},
      </if>
      <if test="feeType != null">
        #{feeType,jdbcType=VARCHAR},
      </if>
      <if test="isSubscribe != null">
        #{isSubscribe,jdbcType=VARCHAR},
      </if>
      <if test="mchId != null">
        #{mchId,jdbcType=VARCHAR},
      </if>
      <if test="nonceStr != null">
        #{nonceStr,jdbcType=VARCHAR},
      </if>
      <if test="openid != null">
        #{openid,jdbcType=VARCHAR},
      </if>
      <if test="outTradeNo != null">
        #{outTradeNo,jdbcType=VARCHAR},
      </if>
      <if test="resultCode != null">
        #{resultCode,jdbcType=VARCHAR},
      </if>
      <if test="returnCode != null">
        #{returnCode,jdbcType=VARCHAR},
      </if>
      <if test="sign != null">
        #{sign,jdbcType=VARCHAR},
      </if>
      <if test="timeEnd != null">
        #{timeEnd,jdbcType=VARCHAR},
      </if>
      <if test="totalFee != null">
        #{totalFee,jdbcType=VARCHAR},
      </if>
      <if test="tradeType != null">
        #{tradeType,jdbcType=VARCHAR},
      </if>
      <if test="transactionId != null">
        #{transactionId,jdbcType=VARCHAR},
      </if>
      <if test="createDate != null">
        #{createDate,jdbcType=TIMESTAMP},
      </if>
    </trim>
  </insert>
  <update id="updateByExampleSelective" parameterType="map">
    update xb_order_paid_info
    <set>
      <if test="record.id != null">
        id = #{record.id,jdbcType=BIGINT},
      </if>
      <if test="record.appid != null">
        appid = #{record.appid,jdbcType=VARCHAR},
      </if>
      <if test="record.attach != null">
        attach = #{record.attach,jdbcType=VARCHAR},
      </if>
      <if test="record.bankType != null">
        bank_type = #{record.bankType,jdbcType=VARCHAR},
      </if>
      <if test="record.cashFee != null">
        cash_fee = #{record.cashFee,jdbcType=VARCHAR},
      </if>
      <if test="record.deviceInfo != null">
        device_info = #{record.deviceInfo,jdbcType=VARCHAR},
      </if>
      <if test="record.feeType != null">
        fee_type = #{record.feeType,jdbcType=VARCHAR},
      </if>
      <if test="record.isSubscribe != null">
        is_subscribe = #{record.isSubscribe,jdbcType=VARCHAR},
      </if>
      <if test="record.mchId != null">
        mch_id = #{record.mchId,jdbcType=VARCHAR},
      </if>
      <if test="record.nonceStr != null">
        nonce_str = #{record.nonceStr,jdbcType=VARCHAR},
      </if>
      <if test="record.openid != null">
        openid = #{record.openid,jdbcType=VARCHAR},
      </if>
      <if test="record.outTradeNo != null">
        out_trade_no = #{record.outTradeNo,jdbcType=VARCHAR},
      </if>
      <if test="record.resultCode != null">
        result_code = #{record.resultCode,jdbcType=VARCHAR},
      </if>
      <if test="record.returnCode != null">
        return_code = #{record.returnCode,jdbcType=VARCHAR},
      </if>
      <if test="record.sign != null">
        sign = #{record.sign,jdbcType=VARCHAR},
      </if>
      <if test="record.timeEnd != null">
        time_end = #{record.timeEnd,jdbcType=VARCHAR},
      </if>
      <if test="record.totalFee != null">
        total_fee = #{record.totalFee,jdbcType=VARCHAR},
      </if>
      <if test="record.tradeType != null">
        trade_type = #{record.tradeType,jdbcType=VARCHAR},
      </if>
      <if test="record.transactionId != null">
        transaction_id = #{record.transactionId,jdbcType=VARCHAR},
      </if>
      <if test="record.createDate != null">
        create_date = #{record.createDate,jdbcType=TIMESTAMP},
      </if>
    </set>
    <if test="_parameter != null">
      <include refid="Update_By_Example_Where_Clause" />
    </if>
  </update>
  <update id="updateByExample" parameterType="map">
    update xb_order_paid_info
    set id = #{record.id,jdbcType=BIGINT},
      appid = #{record.appid,jdbcType=VARCHAR},
      attach = #{record.attach,jdbcType=VARCHAR},
      bank_type = #{record.bankType,jdbcType=VARCHAR},
      cash_fee = #{record.cashFee,jdbcType=VARCHAR},
      device_info = #{record.deviceInfo,jdbcType=VARCHAR},
      fee_type = #{record.feeType,jdbcType=VARCHAR},
      is_subscribe = #{record.isSubscribe,jdbcType=VARCHAR},
      mch_id = #{record.mchId,jdbcType=VARCHAR},
      nonce_str = #{record.nonceStr,jdbcType=VARCHAR},
      openid = #{record.openid,jdbcType=VARCHAR},
      out_trade_no = #{record.outTradeNo,jdbcType=VARCHAR},
      result_code = #{record.resultCode,jdbcType=VARCHAR},
      return_code = #{record.returnCode,jdbcType=VARCHAR},
      sign = #{record.sign,jdbcType=VARCHAR},
      time_end = #{record.timeEnd,jdbcType=VARCHAR},
      total_fee = #{record.totalFee,jdbcType=VARCHAR},
      trade_type = #{record.tradeType,jdbcType=VARCHAR},
      transaction_id = #{record.transactionId,jdbcType=VARCHAR},
      create_date = #{record.createDate,jdbcType=TIMESTAMP}
    <if test="_parameter != null">
      <include refid="Update_By_Example_Where_Clause" />
    </if>
  </update>
</mapper>