<?xml version="1.0" encoding="UTF-8"?>
<!DOCTYPE mapper PUBLIC "-//mybatis.org//DTD Mapper 3.0//EN" "http://mybatis.org/dtd/mybatis-3-mapper.dtd">
<mapper namespace="com.sinochem.mapper.XbOrderMapper">
  <resultMap id="BaseResultMap" type="com.sinochem.pojo.XbOrder">
    <!--
      WARNING - @mbg.generated
      This element is automatically generated by MyBatis Generator, do not modify.
      This element was generated on Mon Mar 12 15:16:16 CST 2018.
    -->
    <id column="id" jdbcType="BIGINT" property="id" />
    <result column="order_no" jdbcType="VARCHAR" property="orderNo" />
    <result column="shop_no" jdbcType="BIGINT" property="shopNo" />
    <result column="order_status" jdbcType="TINYINT" property="orderStatus" />
    <result column="goods_count" jdbcType="INTEGER" property="goodsCount" />
    <result column="goods_amount_total" jdbcType="DECIMAL" property="goodsAmountTotal" />
    <result column="order_amount_total" jdbcType="DECIMAL" property="orderAmountTotal" />
    <result column="disc_amount_total" jdbcType="DECIMAL" property="discAmountTotal" />
    <result column="pay_channel" jdbcType="TINYINT" property="payChannel" />
    <result column="out_trade_no" jdbcType="VARCHAR" property="outTradeNo" />
    <result column="create_time" jdbcType="TIMESTAMP" property="createTime" />
    <result column="pay_time" jdbcType="TIMESTAMP" property="payTime" />
    <result column="trade_done_time" jdbcType="TIMESTAMP" property="tradeDoneTime" />
    <result column="open_id" jdbcType="VARCHAR" property="openId" />
    <result column="send_main" jdbcType="BIT" property="sendMain" />
    <result column="send_time" jdbcType="TIMESTAMP" property="sendTime" />
    <result column="trade_done" jdbcType="BIT" property="tradeDone" />
    <result column="remark" jdbcType="VARCHAR" property="remark" />
    <collection  property="orderDetailList" ofType="com.sinochem.pojo.XbOrderDetail">
      <id column="id_d" jdbcType="BIGINT" property="id" />
      <result column="order_no_d" jdbcType="VARCHAR" property="orderNo" />
      <result column="goods_code" jdbcType="BIGINT" property="goodsCode" />
      <result column="goods_name" jdbcType="VARCHAR" property="goodsName" />
      <result column="sale_price" jdbcType="DECIMAL" property="salePrice" />
      <result column="category_type" jdbcType="TINYINT" property="categoryType" />
      <result column="brand_name" jdbcType="VARCHAR" property="brandName" />
      <result column="bar_code" jdbcType="BIGINT" property="barCode" />
      <result column="short_goods_name" jdbcType="VARCHAR" property="shortGoodsName" />
      <result column="sap_stock" jdbcType="VARCHAR" property="sapStock" />
      <result column="sale_department" jdbcType="VARCHAR" property="saleDepartment" />
      <result column="sale_tax_rate" jdbcType="DECIMAL" property="saleTaxRate" />
      <result column="pic_url" jdbcType="VARCHAR" property="picUrl" />
      <result column="origin_place" jdbcType="VARCHAR" property="originPlace" />
      <result column="goods_count_d" jdbcType="INTEGER" property="goodsCountD" />
      <result column="goods_amount" jdbcType="DECIMAL" property="goodsAmount" />
      <result column="remark_d" jdbcType="VARCHAR" property="remarkD" />
    </collection>
  </resultMap>
  <resultMap id="ShopBaseResultMap" type="com.sinochem.pojo.XbOrder">
    <!--
      WARNING - @mbg.generated
      This element is automatically generated by MyBatis Generator, do not modify.
      This element was generated on Mon Mar 12 15:16:16 CST 2018.
    -->
    <id column="id" jdbcType="BIGINT" property="id" />
    <result column="order_no" jdbcType="VARCHAR" property="orderNo" />
    <result column="shop_no" jdbcType="BIGINT" property="shopNo" />
    <result column="order_status" jdbcType="TINYINT" property="orderStatus" />
    <result column="goods_count" jdbcType="INTEGER" property="goodsCount" />
    <result column="goods_amount_total" jdbcType="DECIMAL" property="goodsAmountTotal" />
    <result column="order_amount_total" jdbcType="DECIMAL" property="orderAmountTotal" />
    <result column="disc_amount_total" jdbcType="DECIMAL" property="discAmountTotal" />
    <result column="pay_channel" jdbcType="TINYINT" property="payChannel" />
    <result column="out_trade_no" jdbcType="VARCHAR" property="outTradeNo" />
    <result column="create_time" jdbcType="TIMESTAMP" property="createTime" />
    <result column="pay_time" jdbcType="TIMESTAMP" property="payTime" />
    <result column="trade_done_time" jdbcType="TIMESTAMP" property="tradeDoneTime" />
    <result column="open_id" jdbcType="VARCHAR" property="openId" />
    <result column="send_main" jdbcType="BIT" property="sendMain" />
    <result column="send_time" jdbcType="TIMESTAMP" property="sendTime" />
    <result column="trade_done" jdbcType="BIT" property="tradeDone" />
    <result column="remark" jdbcType="VARCHAR" property="remark" />
    <association property="shop" column="shop_no" javaType="com.sinochem.pojo.XbShop">
      <id column="id" jdbcType="BIGINT" property="id" />
      <result column="shop_no" jdbcType="BIGINT" property="shopNo" />
      <result column="shop_name" jdbcType="VARCHAR" property="shopName" />
      <result column="shop_owner" jdbcType="VARCHAR" property="shopOwner" />
      <result column="contract_mobile" jdbcType="VARCHAR" property="contractMobile" />
      <result column="status" jdbcType="TINYINT" property="status" />
      <result column="qr_pic_path" jdbcType="VARCHAR" property="qrPicPath" />
      <result column="shop_address" jdbcType="VARCHAR" property="shopAddress" />
      <result column="shop_lat" jdbcType="DECIMAL" property="shopLat" />
      <result column="shop_lng" jdbcType="DECIMAL" property="shopLng" />
      <result column="distributor_name" jdbcType="VARCHAR" property="distributorName" />
      <result column="distributor_id" jdbcType="VARCHAR" property="distributorId" />
      <result column="remark" jdbcType="VARCHAR" property="remark" />
      <result column="create_time" jdbcType="VARCHAR" property="createTime" />
    </association>
  </resultMap>
  <sql id="Example_Where_Clause">
    <!--
      WARNING - @mbg.generated
      This element is automatically generated by MyBatis Generator, do not modify.
      This element was generated on Mon Mar 12 15:16:16 CST 2018.
    -->
    <where>
      <foreach collection="oredCriteria" item="criteria" separator="or">
        <if test="criteria.valid">
          <trim prefix="(" prefixOverrides="and" suffix=")">
            <foreach collection="criteria.criteria" item="criterion">
              <choose>
                <when test="criterion.noValue">
                  and ${criterion.condition}
                </when>
                <when test="criterion.singleValue">
                  and ${criterion.condition} #{criterion.value}
                </when>
                <when test="criterion.betweenValue">
                  and ${criterion.condition} #{criterion.value} and #{criterion.secondValue}
                </when>
                <when test="criterion.listValue">
                  and ${criterion.condition}
                  <foreach close=")" collection="criterion.value" item="listItem" open="(" separator=",">
                    #{listItem}
                  </foreach>
                </when>
              </choose>
            </foreach>
          </trim>
        </if>
      </foreach>
    </where>
  </sql>
  <sql id="Update_By_Example_Where_Clause">
    <!--
      WARNING - @mbg.generated
      This element is automatically generated by MyBatis Generator, do not modify.
      This element was generated on Mon Mar 12 15:16:16 CST 2018.
    -->
    <where>
      <foreach collection="example.oredCriteria" item="criteria" separator="or">
        <if test="criteria.valid">
          <trim prefix="(" prefixOverrides="and" suffix=")">
            <foreach collection="criteria.criteria" item="criterion">
              <choose>
                <when test="criterion.noValue">
                  and ${criterion.condition}
                </when>
                <when test="criterion.singleValue">
                  and ${criterion.condition} #{criterion.value}
                </when>
                <when test="criterion.betweenValue">
                  and ${criterion.condition} #{criterion.value} and #{criterion.secondValue}
                </when>
                <when test="criterion.listValue">
                  and ${criterion.condition}
                  <foreach close=")" collection="criterion.value" item="listItem" open="(" separator=",">
                    #{listItem}
                  </foreach>
                </when>
              </choose>
            </foreach>
          </trim>
        </if>
      </foreach>
    </where>
  </sql>
  <sql id="Base_Column_List">
    <!--
      WARNING - @mbg.generated
      This element is automatically generated by MyBatis Generator, do not modify.
      This element was generated on Mon Mar 12 15:16:16 CST 2018.
    -->
    id, order_no, shop_no, order_status, goods_count, goods_amount_total, order_amount_total, 
    disc_amount_total, pay_channel, out_trade_no, create_time, pay_time, trade_done_time, 
    open_id, send_main, send_time, trade_done, remark
  </sql>
  <select id="selectByExample" parameterType="com.sinochem.pojo.XbOrderExample" resultMap="BaseResultMap">
    <!--
      WARNING - @mbg.generated
      This element is automatically generated by MyBatis Generator, do not modify.
      This element was generated on Mon Mar 12 15:16:16 CST 2018.
    -->
    select
    <if test="distinct">
      distinct
    </if>
    <include refid="Base_Column_List" />
    from xb_order
    <if test="_parameter != null">
      <include refid="Example_Where_Clause" />
    </if>
    <if test="orderByClause != null">
      order by ${orderByClause}
    </if>
  </select>
  <select id="selectByPrimaryKey" parameterType="java.lang.Long" resultMap="BaseResultMap">
    <!--
      WARNING - @mbg.generated
      This element is automatically generated by MyBatis Generator, do not modify.
      This element was generated on Mon Mar 12 15:16:16 CST 2018.
    -->
    select 
    <include refid="Base_Column_List" />
    from xb_order
    where id = #{id,jdbcType=BIGINT}
  </select>
  <!--按openid orderstatus tradedone 关联查询 order detail表-->
  <select id="selectOrderDetailInfoByOpenId" parameterType="com.sinochem.pojo.XbOrder" resultMap="BaseResultMap">
    select o.id, o.order_no, o.shop_no, o.order_status, o.goods_count, o.goods_amount_total, o.order_amount_total, o.
    disc_amount_total, o.pay_channel, o.out_trade_no, o.create_time, o.pay_time, o.trade_done_time, o.
    open_id, o.send_main, o.send_time, o.trade_done, o.remark,d.id as id_d, d.order_no as order_no_d, d.goods_code, d.goods_name, d.sale_price, d.category_type, d.brand_name, d.bar_code, d.
    short_goods_name, d.sap_stock, d.sale_department, d.sale_tax_rate, d.pic_url, d.origin_place, d.
    goods_count as goods_count_d, d.goods_amount, d.remark as remark_d
    from xb_order as o
    left join xb_order_detail as d
    on o.order_no=d.order_no
    where o.open_id = #{openId}
     and o.pay_channel != 0
    <if test="orderStatus != null">
     and o.order_status = #{orderStatus}
    </if>
    <if test="tradeDone !=null">
     and o.trade_done = #{tradeDone}
    </if>
     <if test="orderNo !=null">
      and o.order_no = #{orderNo}
    </if>
      order by o.create_time desc
  </select>
  <!-- 后台管理系统订单查询 -->
  <select id="selectOrderList" parameterType="com.sinochem.pojo.vo.OrderRequest" resultMap="ShopBaseResultMap">
    select o.*,s.* from xb_order as o
    left join xb_shop as s on o.shop_no=s.shop_no
    where 1=1 and o.order_status=1
    <if test="createStartDate != null">
      and o.pay_time &gt;= #{createStartDate}
    </if>
    <if test="createEndDate != null">
      and o.pay_time &lt;= #{createEndDate}
    </if>
    <if test="shopNo != null">
      and o.shop_no = #{shopNo}
    </if>
    <if test="tradeDone != null">
      and o.trade_done = #{tradeDone}
    </if>
  </select>
  <!---->
  <select id="selectOrderInfoByOrderNo" parameterType="java.lang.String" resultMap="BaseResultMap">
    select o.id, o.order_no, o.shop_no, o.order_status, o.goods_count, o.goods_amount_total, o.order_amount_total, o.
    disc_amount_total, o.pay_channel, o.out_trade_no, o.create_time, o.pay_time, o.trade_done_time, o.
    open_id, o.send_main, o.send_time, o.trade_done, o.remark, d.id as id_d, d.order_no as order_no_d, d.goods_code, d.goods_name, d.sale_price, d.category_type, d.brand_name, d.bar_code, d.
    short_goods_name, d.sap_stock, d.sale_department, d.sale_tax_rate, d.pic_url, d.origin_place, d.
    goods_count as goods_count_d, d.goods_amount, d.remark as remark_d  from xb_order as o
    left join xb_order_detail as d
    on o.order_no=d.order_no
    where o.order_no = #{orderNo,jdbcType=VARCHAR}
  </select>
  <!---->
  <select id="selectOrderForUpdate" parameterType="java.lang.String" resultMap="BaseResultMap">
    select  o.id, o.order_no, o.shop_no, o.order_status, o.goods_count, o.goods_amount_total, o.order_amount_total, o.
    disc_amount_total, o.pay_channel, o.out_trade_no, o.create_time, o.pay_time, o.trade_done_time, o.
    open_id, o.send_main, o.send_time, o.trade_done, o.remark, d.id as id_d, d.order_no as order_no_d, d.goods_code, d.goods_name, d.sale_price, d.category_type, d.brand_name, d.bar_code, d.
    short_goods_name, d.sap_stock, d.sale_department, d.sale_tax_rate, d.pic_url, d.origin_place, d.
    goods_count as goods_count_d, d.goods_amount, d.remark as remark_d  from xb_order as o
    left join xb_order_detail as d
    on o.order_no=d.order_no
    where o.order_no = #{orderNo,jdbcType=VARCHAR} for UPDATE
  </select>
  <delete id="deleteByPrimaryKey" parameterType="java.lang.Long">
    <!--
      WARNING - @mbg.generated
      This element is automatically generated by MyBatis Generator, do not modify.
      This element was generated on Mon Mar 12 15:16:16 CST 2018.
    -->
    delete from xb_order
    where id = #{id,jdbcType=BIGINT}
  </delete>
  <delete id="deleteByExample" parameterType="com.sinochem.pojo.XbOrderExample">
    <!--
      WARNING - @mbg.generated
      This element is automatically generated by MyBatis Generator, do not modify.
      This element was generated on Mon Mar 12 15:16:16 CST 2018.
    -->
    delete from xb_order
    <if test="_parameter != null">
      <include refid="Example_Where_Clause" />
    </if>
  </delete>
  <insert id="insert" parameterType="com.sinochem.pojo.XbOrder">
    <!--
      WARNING - @mbg.generated
      This element is automatically generated by MyBatis Generator, do not modify.
      This element was generated on Mon Mar 12 15:16:16 CST 2018.
    -->
    insert into xb_order (id, order_no, shop_no, 
      order_status, goods_count, goods_amount_total, 
      order_amount_total, disc_amount_total, pay_channel, 
      out_trade_no, create_time, pay_time, 
      trade_done_time, open_id, send_main, 
      send_time, trade_done, remark
      )
    values (#{id,jdbcType=BIGINT}, #{orderNo,jdbcType=VARCHAR}, #{shopNo,jdbcType=BIGINT},
      #{orderStatus,jdbcType=TINYINT}, #{goodsCount,jdbcType=INTEGER}, #{goodsAmountTotal,jdbcType=DECIMAL}, 
      #{orderAmountTotal,jdbcType=DECIMAL}, #{discAmountTotal,jdbcType=DECIMAL}, #{payChannel,jdbcType=TINYINT}, 
      #{outTradeNo,jdbcType=VARCHAR}, #{createTime,jdbcType=TIMESTAMP}, #{payTime,jdbcType=TIMESTAMP}, 
      #{tradeDoneTime,jdbcType=TIMESTAMP}, #{openId,jdbcType=VARCHAR}, #{sendMain,jdbcType=BIT}, 
      #{sendTime,jdbcType=TIMESTAMP}, #{tradeDone,jdbcType=BIT}, #{remark,jdbcType=VARCHAR}
      )
  </insert>
  <insert id="insertSelective" parameterType="com.sinochem.pojo.XbOrder">
    <!--
      WARNING - @mbg.generated
      This element is automatically generated by MyBatis Generator, do not modify.
      This element was generated on Mon Mar 12 15:16:16 CST 2018.
    -->
    insert into xb_order
    <trim prefix="(" suffix=")" suffixOverrides=",">
      <if test="id != null">
        id,
      </if>
      <if test="orderNo != null">
        order_no,
      </if>
      <if test="shopNo != null">
        shop_no,
      </if>
      <if test="orderStatus != null">
        order_status,
      </if>
      <if test="goodsCount != null">
        goods_count,
      </if>
      <if test="goodsAmountTotal != null">
        goods_amount_total,
      </if>
      <if test="orderAmountTotal != null">
        order_amount_total,
      </if>
      <if test="discAmountTotal != null">
        disc_amount_total,
      </if>
      <if test="payChannel != null">
        pay_channel,
      </if>
      <if test="outTradeNo != null">
        out_trade_no,
      </if>
      <if test="createTime != null">
        create_time,
      </if>
      <if test="payTime != null">
        pay_time,
      </if>
      <if test="tradeDoneTime != null">
        trade_done_time,
      </if>
      <if test="openId != null">
        open_id,
      </if>
      <if test="sendMain != null">
        send_main,
      </if>
      <if test="sendTime != null">
        send_time,
      </if>
      <if test="tradeDone != null">
        trade_done,
      </if>
      <if test="remark != null">
        remark,
      </if>
    </trim>
    <trim prefix="values (" suffix=")" suffixOverrides=",">
      <if test="id != null">
        #{id,jdbcType=BIGINT},
      </if>
      <if test="orderNo != null">
        #{orderNo,jdbcType=VARCHAR},
      </if>
      <if test="shopNo != null">
        #{shopNo,jdbcType=BIGINT},
      </if>
      <if test="orderStatus != null">
        #{orderStatus,jdbcType=TINYINT},
      </if>
      <if test="goodsCount != null">
        #{goodsCount,jdbcType=INTEGER},
      </if>
      <if test="goodsAmountTotal != null">
        #{goodsAmountTotal,jdbcType=DECIMAL},
      </if>
      <if test="orderAmountTotal != null">
        #{orderAmountTotal,jdbcType=DECIMAL},
      </if>
      <if test="discAmountTotal != null">
        #{discAmountTotal,jdbcType=DECIMAL},
      </if>
      <if test="payChannel != null">
        #{payChannel,jdbcType=TINYINT},
      </if>
      <if test="outTradeNo != null">
        #{outTradeNo,jdbcType=VARCHAR},
      </if>
      <if test="createTime != null">
        #{createTime,jdbcType=TIMESTAMP},
      </if>
      <if test="payTime != null">
        #{payTime,jdbcType=TIMESTAMP},
      </if>
      <if test="tradeDoneTime != null">
        #{tradeDoneTime,jdbcType=TIMESTAMP},
      </if>
      <if test="openId != null">
        #{openId,jdbcType=VARCHAR},
      </if>
      <if test="sendMain != null">
        #{sendMain,jdbcType=BIT},
      </if>
      <if test="sendTime != null">
        #{sendTime,jdbcType=TIMESTAMP},
      </if>
      <if test="tradeDone != null">
        #{tradeDone,jdbcType=BIT},
      </if>
      <if test="remark != null">
        #{remark,jdbcType=VARCHAR},
      </if>
    </trim>
  </insert>
  <select id="countByExample" parameterType="com.sinochem.pojo.XbOrderExample" resultType="java.lang.Long">
    <!--
      WARNING - @mbg.generated
      This element is automatically generated by MyBatis Generator, do not modify.
      This element was generated on Mon Mar 12 15:16:16 CST 2018.
    -->
    select count(*) from xb_order
    <if test="_parameter != null">
      <include refid="Example_Where_Clause" />
    </if>
  </select>
  <update id="updateByExampleSelective" parameterType="map">
    <!--
      WARNING - @mbg.generated
      This element is automatically generated by MyBatis Generator, do not modify.
      This element was generated on Mon Mar 12 15:16:16 CST 2018.
    -->
    update xb_order
    <set>
      <if test="record.id != null">
        id = #{record.id,jdbcType=BIGINT},
      </if>
      <if test="record.orderNo != null">
        order_no = #{record.orderNo,jdbcType=VARCHAR},
      </if>
      <if test="record.shopNo != null">
        shop_no = #{record.shopNo,jdbcType=BIGINT},
      </if>
      <if test="record.orderStatus != null">
        order_status = #{record.orderStatus,jdbcType=TINYINT},
      </if>
      <if test="record.goodsCount != null">
        goods_count = #{record.goodsCount,jdbcType=INTEGER},
      </if>
      <if test="record.goodsAmountTotal != null">
        goods_amount_total = #{record.goodsAmountTotal,jdbcType=DECIMAL},
      </if>
      <if test="record.orderAmountTotal != null">
        order_amount_total = #{record.orderAmountTotal,jdbcType=DECIMAL},
      </if>
      <if test="record.discAmountTotal != null">
        disc_amount_total = #{record.discAmountTotal,jdbcType=DECIMAL},
      </if>
      <if test="record.payChannel != null">
        pay_channel = #{record.payChannel,jdbcType=TINYINT},
      </if>
      <if test="record.outTradeNo != null">
        out_trade_no = #{record.outTradeNo,jdbcType=VARCHAR},
      </if>
      <if test="record.createTime != null">
        create_time = #{record.createTime,jdbcType=TIMESTAMP},
      </if>
      <if test="record.payTime != null">
        pay_time = #{record.payTime,jdbcType=TIMESTAMP},
      </if>
      <if test="record.tradeDoneTime != null">
        trade_done_time = #{record.tradeDoneTime,jdbcType=TIMESTAMP},
      </if>
      <if test="record.openId != null">
        open_id = #{record.openId,jdbcType=VARCHAR},
      </if>
      <if test="record.sendMain != null">
        send_main = #{record.sendMain,jdbcType=BIT},
      </if>
      <if test="record.sendTime != null">
        send_time = #{record.sendTime,jdbcType=TIMESTAMP},
      </if>
      <if test="record.tradeDone != null">
        trade_done = #{record.tradeDone,jdbcType=BIT},
      </if>
      <if test="record.remark != null">
        remark = #{record.remark,jdbcType=VARCHAR},
      </if>
    </set>
    <if test="_parameter != null">
      <include refid="Update_By_Example_Where_Clause" />
    </if>
  </update>
  <update id="updateByExample" parameterType="map">
    <!--
      WARNING - @mbg.generated
      This element is automatically generated by MyBatis Generator, do not modify.
      This element was generated on Mon Mar 12 15:16:16 CST 2018.
    -->
    update xb_order
    set id = #{record.id,jdbcType=BIGINT},
      order_no = #{record.orderNo,jdbcType=VARCHAR},
      shop_no = #{record.shopNo,jdbcType=BIGINT},
      order_status = #{record.orderStatus,jdbcType=TINYINT},
      goods_count = #{record.goodsCount,jdbcType=INTEGER},
      goods_amount_total = #{record.goodsAmountTotal,jdbcType=DECIMAL},
      order_amount_total = #{record.orderAmountTotal,jdbcType=DECIMAL},
      disc_amount_total = #{record.discAmountTotal,jdbcType=DECIMAL},
      pay_channel = #{record.payChannel,jdbcType=TINYINT},
      out_trade_no = #{record.outTradeNo,jdbcType=VARCHAR},
      create_time = #{record.createTime,jdbcType=TIMESTAMP},
      pay_time = #{record.payTime,jdbcType=TIMESTAMP},
      trade_done_time = #{record.tradeDoneTime,jdbcType=TIMESTAMP},
      open_id = #{record.openId,jdbcType=VARCHAR},
      send_main = #{record.sendMain,jdbcType=BIT},
      send_time = #{record.sendTime,jdbcType=TIMESTAMP},
      trade_done = #{record.tradeDone,jdbcType=BIT},
      remark = #{record.remark,jdbcType=VARCHAR}
    <if test="_parameter != null">
      <include refid="Update_By_Example_Where_Clause" />
    </if>
  </update>
  <update id="updateByPrimaryKeySelective" parameterType="com.sinochem.pojo.XbOrder">
    <!--
      WARNING - @mbg.generated
      This element is automatically generated by MyBatis Generator, do not modify.
      This element was generated on Mon Mar 12 15:16:16 CST 2018.
    -->
    update xb_order
    <set>
      <if test="orderNo != null">
        order_no = #{orderNo,jdbcType=VARCHAR},
      </if>
      <if test="shopNo != null">
        shop_no = #{shopNo,jdbcType=BIGINT},
      </if>
      <if test="orderStatus != null">
        order_status = #{orderStatus,jdbcType=TINYINT},
      </if>
      <if test="goodsCount != null">
        goods_count = #{goodsCount,jdbcType=INTEGER},
      </if>
      <if test="goodsAmountTotal != null">
        goods_amount_total = #{goodsAmountTotal,jdbcType=DECIMAL},
      </if>
      <if test="orderAmountTotal != null">
        order_amount_total = #{orderAmountTotal,jdbcType=DECIMAL},
      </if>
      <if test="discAmountTotal != null">
        disc_amount_total = #{discAmountTotal,jdbcType=DECIMAL},
      </if>
      <if test="payChannel != null">
        pay_channel = #{payChannel,jdbcType=TINYINT},
      </if>
      <if test="outTradeNo != null">
        out_trade_no = #{outTradeNo,jdbcType=VARCHAR},
      </if>
      <if test="createTime != null">
        create_time = #{createTime,jdbcType=TIMESTAMP},
      </if>
      <if test="payTime != null">
        pay_time = #{payTime,jdbcType=TIMESTAMP},
      </if>
      <if test="tradeDoneTime != null">
        trade_done_time = #{tradeDoneTime,jdbcType=TIMESTAMP},
      </if>
      <if test="openId != null">
        open_id = #{openId,jdbcType=VARCHAR},
      </if>
      <if test="sendMain != null">
        send_main = #{sendMain,jdbcType=BIT},
      </if>
      <if test="sendTime != null">
        send_time = #{sendTime,jdbcType=TIMESTAMP},
      </if>
      <if test="tradeDone != null">
        trade_done = #{tradeDone,jdbcType=BIT},
      </if>
      <if test="remark != null">
        remark = #{remark,jdbcType=VARCHAR},
      </if>
    </set>
    where id = #{id,jdbcType=BIGINT}
  </update>
  <update id="updateByPrimaryKey" parameterType="com.sinochem.pojo.XbOrder">
    <!--
      WARNING - @mbg.generated
      This element is automatically generated by MyBatis Generator, do not modify.
      This element was generated on Mon Mar 12 15:16:16 CST 2018.
    -->
    update xb_order
    set order_no = #{orderNo,jdbcType=VARCHAR},
      shop_no = #{shopNo,jdbcType=BIGINT},
      order_status = #{orderStatus,jdbcType=TINYINT},
      goods_count = #{goodsCount,jdbcType=INTEGER},
      goods_amount_total = #{goodsAmountTotal,jdbcType=DECIMAL},
      order_amount_total = #{orderAmountTotal,jdbcType=DECIMAL},
      disc_amount_total = #{discAmountTotal,jdbcType=DECIMAL},
      pay_channel = #{payChannel,jdbcType=TINYINT},
      out_trade_no = #{outTradeNo,jdbcType=VARCHAR},
      create_time = #{createTime,jdbcType=TIMESTAMP},
      pay_time = #{payTime,jdbcType=TIMESTAMP},
      trade_done_time = #{tradeDoneTime,jdbcType=TIMESTAMP},
      open_id = #{openId,jdbcType=VARCHAR},
      send_main = #{sendMain,jdbcType=BIT},
      send_time = #{sendTime,jdbcType=TIMESTAMP},
      trade_done = #{tradeDone,jdbcType=BIT},
      remark = #{remark,jdbcType=VARCHAR}
    where id = #{id,jdbcType=BIGINT}
  </update>
</mapper>