<?xml version="1.0" encoding="UTF-8"?>
<!DOCTYPE mapper PUBLIC "-//mybatis.org//DTD Mapper 3.0//EN" "http://mybatis.org/dtd/mybatis-3-mapper.dtd">
<mapper namespace="com.sinochem.mapper.XbPayInfoMapper">
  <resultMap id="BaseResultMap" type="com.sinochem.pojo.XbPayInfo">
    <constructor>
      <arg column="id" javaType="java.lang.Long" jdbcType="BIGINT" />
      <arg column="app_id" javaType="java.lang.String" jdbcType="VARCHAR" />
      <arg column="mch_id" javaType="java.lang.String" jdbcType="VARCHAR" />
      <arg column="device_info" javaType="java.lang.String" jdbcType="VARCHAR" />
      <arg column="nonce_str" javaType="java.lang.String" jdbcType="VARCHAR" />
      <arg column="sign" javaType="java.lang.String" jdbcType="VARCHAR" />
      <arg column="sign_type" javaType="java.lang.String" jdbcType="VARCHAR" />
      <arg column="body" javaType="java.lang.String" jdbcType="VARCHAR" />
      <arg column="attach" javaType="java.lang.String" jdbcType="VARCHAR" />
      <arg column="out_trade_no" javaType="java.lang.String" jdbcType="VARCHAR" />
      <arg column="total_fee" javaType="java.math.BigDecimal" jdbcType="DECIMAL" />
      <arg column="spbill_create_ip" javaType="java.lang.String" jdbcType="VARCHAR" />
      <arg column="time_start" javaType="java.lang.String" jdbcType="VARCHAR" />
      <arg column="time_expire" javaType="java.lang.String" jdbcType="VARCHAR" />
      <arg column="notify_url" javaType="java.lang.String" jdbcType="VARCHAR" />
      <arg column="trade_type" javaType="java.lang.String" jdbcType="VARCHAR" />
      <arg column="limit_pay" javaType="java.lang.String" jdbcType="VARCHAR" />
      <arg column="open_id" javaType="java.lang.String" jdbcType="VARCHAR" />
      <arg column="create_date" javaType="java.util.Date" jdbcType="TIMESTAMP" />
    </constructor>
  </resultMap>
  <sql id="Example_Where_Clause">
    <where>
      <foreach collection="oredCriteria" item="criteria" separator="or">
        <if test="criteria.valid">
          <trim prefix="(" prefixOverrides="and" suffix=")">
            <foreach collection="criteria.criteria" item="criterion">
              <choose>
                <when test="criterion.noValue">
                  and ${criterion.condition}
                </when>
                <when test="criterion.singleValue">
                  and ${criterion.condition} #{criterion.value}
                </when>
                <when test="criterion.betweenValue">
                  and ${criterion.condition} #{criterion.value} and #{criterion.secondValue}
                </when>
                <when test="criterion.listValue">
                  and ${criterion.condition}
                  <foreach close=")" collection="criterion.value" item="listItem" open="(" separator=",">
                    #{listItem}
                  </foreach>
                </when>
              </choose>
            </foreach>
          </trim>
        </if>
      </foreach>
    </where>
  </sql>
  <sql id="Update_By_Example_Where_Clause">
    <where>
      <foreach collection="example.oredCriteria" item="criteria" separator="or">
        <if test="criteria.valid">
          <trim prefix="(" prefixOverrides="and" suffix=")">
            <foreach collection="criteria.criteria" item="criterion">
              <choose>
                <when test="criterion.noValue">
                  and ${criterion.condition}
                </when>
                <when test="criterion.singleValue">
                  and ${criterion.condition} #{criterion.value}
                </when>
                <when test="criterion.betweenValue">
                  and ${criterion.condition} #{criterion.value} and #{criterion.secondValue}
                </when>
                <when test="criterion.listValue">
                  and ${criterion.condition}
                  <foreach close=")" collection="criterion.value" item="listItem" open="(" separator=",">
                    #{listItem}
                  </foreach>
                </when>
              </choose>
            </foreach>
          </trim>
        </if>
      </foreach>
    </where>
  </sql>
  <sql id="Base_Column_List">
    id, app_id, mch_id, device_info, nonce_str, sign, sign_type, body, attach, out_trade_no, 
    total_fee, spbill_create_ip, time_start, time_expire, notify_url, trade_type, limit_pay, 
    open_id, create_date
  </sql>
  <select id="selectByExample" parameterType="com.sinochem.pojo.XbPayInfoExample" resultMap="BaseResultMap">
    select
    <if test="distinct">
      distinct
    </if>
    'true' as QUERYID,
    <include refid="Base_Column_List" />
    from xb_pay_info
    <if test="_parameter != null">
      <include refid="Example_Where_Clause" />
    </if>
    <if test="orderByClause != null">
      order by ${orderByClause}
    </if>
  </select>
  <insert id="insert" parameterType="com.sinochem.pojo.XbPayInfo">
    insert into xb_pay_info (id, app_id, mch_id, 
      device_info, nonce_str, sign, 
      sign_type, body, attach, 
      out_trade_no, total_fee, spbill_create_ip, 
      time_start, time_expire, notify_url, 
      trade_type, limit_pay, open_id, 
      create_date)
    values (#{id,jdbcType=BIGINT}, #{appId,jdbcType=VARCHAR}, #{mchId,jdbcType=VARCHAR}, 
      #{deviceInfo,jdbcType=VARCHAR}, #{nonceStr,jdbcType=VARCHAR}, #{sign,jdbcType=VARCHAR}, 
      #{signType,jdbcType=VARCHAR}, #{body,jdbcType=VARCHAR}, #{attach,jdbcType=VARCHAR}, 
      #{outTradeNo,jdbcType=VARCHAR}, #{totalFee,jdbcType=DECIMAL}, #{spbillCreateIp,jdbcType=VARCHAR}, 
      #{timeStart,jdbcType=VARCHAR}, #{timeExpire,jdbcType=VARCHAR}, #{notifyUrl,jdbcType=VARCHAR}, 
      #{tradeType,jdbcType=VARCHAR}, #{limitPay,jdbcType=VARCHAR}, #{openId,jdbcType=VARCHAR}, 
      #{createDate,jdbcType=TIMESTAMP})
  </insert>
  <insert id="insertSelective" parameterType="com.sinochem.pojo.XbPayInfo">
    insert into xb_pay_info
    <trim prefix="(" suffix=")" suffixOverrides=",">
      <if test="id != null">
        id,
      </if>
      <if test="appId != null">
        app_id,
      </if>
      <if test="mchId != null">
        mch_id,
      </if>
      <if test="deviceInfo != null">
        device_info,
      </if>
      <if test="nonceStr != null">
        nonce_str,
      </if>
      <if test="sign != null">
        sign,
      </if>
      <if test="signType != null">
        sign_type,
      </if>
      <if test="body != null">
        body,
      </if>
      <if test="attach != null">
        attach,
      </if>
      <if test="outTradeNo != null">
        out_trade_no,
      </if>
      <if test="totalFee != null">
        total_fee,
      </if>
      <if test="spbillCreateIp != null">
        spbill_create_ip,
      </if>
      <if test="timeStart != null">
        time_start,
      </if>
      <if test="timeExpire != null">
        time_expire,
      </if>
      <if test="notifyUrl != null">
        notify_url,
      </if>
      <if test="tradeType != null">
        trade_type,
      </if>
      <if test="limitPay != null">
        limit_pay,
      </if>
      <if test="openId != null">
        open_id,
      </if>
      <if test="createDate != null">
        create_date,
      </if>
    </trim>
    <trim prefix="values (" suffix=")" suffixOverrides=",">
      <if test="id != null">
        #{id,jdbcType=BIGINT},
      </if>
      <if test="appId != null">
        #{appId,jdbcType=VARCHAR},
      </if>
      <if test="mchId != null">
        #{mchId,jdbcType=VARCHAR},
      </if>
      <if test="deviceInfo != null">
        #{deviceInfo,jdbcType=VARCHAR},
      </if>
      <if test="nonceStr != null">
        #{nonceStr,jdbcType=VARCHAR},
      </if>
      <if test="sign != null">
        #{sign,jdbcType=VARCHAR},
      </if>
      <if test="signType != null">
        #{signType,jdbcType=VARCHAR},
      </if>
      <if test="body != null">
        #{body,jdbcType=VARCHAR},
      </if>
      <if test="attach != null">
        #{attach,jdbcType=VARCHAR},
      </if>
      <if test="outTradeNo != null">
        #{outTradeNo,jdbcType=VARCHAR},
      </if>
      <if test="totalFee != null">
        #{totalFee,jdbcType=DECIMAL},
      </if>
      <if test="spbillCreateIp != null">
        #{spbillCreateIp,jdbcType=VARCHAR},
      </if>
      <if test="timeStart != null">
        #{timeStart,jdbcType=VARCHAR},
      </if>
      <if test="timeExpire != null">
        #{timeExpire,jdbcType=VARCHAR},
      </if>
      <if test="notifyUrl != null">
        #{notifyUrl,jdbcType=VARCHAR},
      </if>
      <if test="tradeType != null">
        #{tradeType,jdbcType=VARCHAR},
      </if>
      <if test="limitPay != null">
        #{limitPay,jdbcType=VARCHAR},
      </if>
      <if test="openId != null">
        #{openId,jdbcType=VARCHAR},
      </if>
      <if test="createDate != null">
        #{createDate,jdbcType=TIMESTAMP},
      </if>
    </trim>
  </insert>
  <update id="updateByExampleSelective" parameterType="map">
    update xb_pay_info
    <set>
      <if test="record.id != null">
        id = #{record.id,jdbcType=BIGINT},
      </if>
      <if test="record.appId != null">
        app_id = #{record.appId,jdbcType=VARCHAR},
      </if>
      <if test="record.mchId != null">
        mch_id = #{record.mchId,jdbcType=VARCHAR},
      </if>
      <if test="record.deviceInfo != null">
        device_info = #{record.deviceInfo,jdbcType=VARCHAR},
      </if>
      <if test="record.nonceStr != null">
        nonce_str = #{record.nonceStr,jdbcType=VARCHAR},
      </if>
      <if test="record.sign != null">
        sign = #{record.sign,jdbcType=VARCHAR},
      </if>
      <if test="record.signType != null">
        sign_type = #{record.signType,jdbcType=VARCHAR},
      </if>
      <if test="record.body != null">
        body = #{record.body,jdbcType=VARCHAR},
      </if>
      <if test="record.attach != null">
        attach = #{record.attach,jdbcType=VARCHAR},
      </if>
      <if test="record.outTradeNo != null">
        out_trade_no = #{record.outTradeNo,jdbcType=VARCHAR},
      </if>
      <if test="record.totalFee != null">
        total_fee = #{record.totalFee,jdbcType=DECIMAL},
      </if>
      <if test="record.spbillCreateIp != null">
        spbill_create_ip = #{record.spbillCreateIp,jdbcType=VARCHAR},
      </if>
      <if test="record.timeStart != null">
        time_start = #{record.timeStart,jdbcType=VARCHAR},
      </if>
      <if test="record.timeExpire != null">
        time_expire = #{record.timeExpire,jdbcType=VARCHAR},
      </if>
      <if test="record.notifyUrl != null">
        notify_url = #{record.notifyUrl,jdbcType=VARCHAR},
      </if>
      <if test="record.tradeType != null">
        trade_type = #{record.tradeType,jdbcType=VARCHAR},
      </if>
      <if test="record.limitPay != null">
        limit_pay = #{record.limitPay,jdbcType=VARCHAR},
      </if>
      <if test="record.openId != null">
        open_id = #{record.openId,jdbcType=VARCHAR},
      </if>
      <if test="record.createDate != null">
        create_date = #{record.createDate,jdbcType=TIMESTAMP},
      </if>
    </set>
    <if test="_parameter != null">
      <include refid="Update_By_Example_Where_Clause" />
    </if>
  </update>
  <update id="updateByExample" parameterType="map">
    update xb_pay_info
    set id = #{record.id,jdbcType=BIGINT},
      app_id = #{record.appId,jdbcType=VARCHAR},
      mch_id = #{record.mchId,jdbcType=VARCHAR},
      device_info = #{record.deviceInfo,jdbcType=VARCHAR},
      nonce_str = #{record.nonceStr,jdbcType=VARCHAR},
      sign = #{record.sign,jdbcType=VARCHAR},
      sign_type = #{record.signType,jdbcType=VARCHAR},
      body = #{record.body,jdbcType=VARCHAR},
      attach = #{record.attach,jdbcType=VARCHAR},
      out_trade_no = #{record.outTradeNo,jdbcType=VARCHAR},
      total_fee = #{record.totalFee,jdbcType=DECIMAL},
      spbill_create_ip = #{record.spbillCreateIp,jdbcType=VARCHAR},
      time_start = #{record.timeStart,jdbcType=VARCHAR},
      time_expire = #{record.timeExpire,jdbcType=VARCHAR},
      notify_url = #{record.notifyUrl,jdbcType=VARCHAR},
      trade_type = #{record.tradeType,jdbcType=VARCHAR},
      limit_pay = #{record.limitPay,jdbcType=VARCHAR},
      open_id = #{record.openId,jdbcType=VARCHAR},
      create_date = #{record.createDate,jdbcType=TIMESTAMP}
    <if test="_parameter != null">
      <include refid="Update_By_Example_Where_Clause" />
    </if>
  </update>
</mapper>