<?xml version="1.0" encoding="UTF-8"?>
<!DOCTYPE mapper PUBLIC "-//mybatis.org//DTD Mapper 3.0//EN" "http://mybatis.org/dtd/mybatis-3-mapper.dtd">
<mapper namespace="com.sinochem.mapper.XbSmsLogsMapper">
  <resultMap id="BaseResultMap" type="com.sinochem.pojo.XbSmsLogs">
    <!--
      WARNING - @mbg.generated
      This element is automatically generated by MyBatis Generator, do not modify.
      This element was generated on Mon Mar 05 17:59:56 CST 2018.
    -->
    <id column="id" jdbcType="BIGINT" property="id" />
    <result column="shop_no" jdbcType="BIGINT" property="shopNo" />
    <result column="uri" jdbcType="VARCHAR" property="uri" />
    <result column="access_date" jdbcType="TIMESTAMP" property="accessDate" />
    <result column="req_param" jdbcType="VARCHAR" property="reqParam" />
    <result column="res_param" jdbcType="VARCHAR" property="resParam" />
    <result column="exp" jdbcType="VARCHAR" property="exp" />
    <result column="creat_time" jdbcType="TIMESTAMP" property="creatTime" />
  </resultMap>
  <sql id="Example_Where_Clause">
    <!--
      WARNING - @mbg.generated
      This element is automatically generated by MyBatis Generator, do not modify.
      This element was generated on Mon Mar 05 17:59:56 CST 2018.
    -->
    <where>
      <foreach collection="oredCriteria" item="criteria" separator="or">
        <if test="criteria.valid">
          <trim prefix="(" prefixOverrides="and" suffix=")">
            <foreach collection="criteria.criteria" item="criterion">
              <choose>
                <when test="criterion.noValue">
                  and ${criterion.condition}
                </when>
                <when test="criterion.singleValue">
                  and ${criterion.condition} #{criterion.value}
                </when>
                <when test="criterion.betweenValue">
                  and ${criterion.condition} #{criterion.value} and #{criterion.secondValue}
                </when>
                <when test="criterion.listValue">
                  and ${criterion.condition}
                  <foreach close=")" collection="criterion.value" item="listItem" open="(" separator=",">
                    #{listItem}
                  </foreach>
                </when>
              </choose>
            </foreach>
          </trim>
        </if>
      </foreach>
    </where>
  </sql>
  <sql id="Update_By_Example_Where_Clause">
    <!--
      WARNING - @mbg.generated
      This element is automatically generated by MyBatis Generator, do not modify.
      This element was generated on Mon Mar 05 17:59:56 CST 2018.
    -->
    <where>
      <foreach collection="example.oredCriteria" item="criteria" separator="or">
        <if test="criteria.valid">
          <trim prefix="(" prefixOverrides="and" suffix=")">
            <foreach collection="criteria.criteria" item="criterion">
              <choose>
                <when test="criterion.noValue">
                  and ${criterion.condition}
                </when>
                <when test="criterion.singleValue">
                  and ${criterion.condition} #{criterion.value}
                </when>
                <when test="criterion.betweenValue">
                  and ${criterion.condition} #{criterion.value} and #{criterion.secondValue}
                </when>
                <when test="criterion.listValue">
                  and ${criterion.condition}
                  <foreach close=")" collection="criterion.value" item="listItem" open="(" separator=",">
                    #{listItem}
                  </foreach>
                </when>
              </choose>
            </foreach>
          </trim>
        </if>
      </foreach>
    </where>
  </sql>
  <sql id="Base_Column_List">
    <!--
      WARNING - @mbg.generated
      This element is automatically generated by MyBatis Generator, do not modify.
      This element was generated on Mon Mar 05 17:59:56 CST 2018.
    -->
    id, shop_no, uri, access_date, req_param, res_param, exp, creat_time
  </sql>
  <select id="selectByExample" parameterType="com.sinochem.pojo.XbSmsLogsExample" resultMap="BaseResultMap">
    <!--
      WARNING - @mbg.generated
      This element is automatically generated by MyBatis Generator, do not modify.
      This element was generated on Mon Mar 05 17:59:56 CST 2018.
    -->
    select
    <if test="distinct">
      distinct
    </if>
    <include refid="Base_Column_List" />
    from xb_sms_logs
    <if test="_parameter != null">
      <include refid="Example_Where_Clause" />
    </if>
    <if test="orderByClause != null">
      order by ${orderByClause}
    </if>
  </select>
  <select id="selectByPrimaryKey" parameterType="java.lang.Long" resultMap="BaseResultMap">
    <!--
      WARNING - @mbg.generated
      This element is automatically generated by MyBatis Generator, do not modify.
      This element was generated on Mon Mar 05 17:59:56 CST 2018.
    -->
    select 
    <include refid="Base_Column_List" />
    from xb_sms_logs
    where id = #{id,jdbcType=BIGINT}
  </select>
  <delete id="deleteByPrimaryKey" parameterType="java.lang.Long">
    <!--
      WARNING - @mbg.generated
      This element is automatically generated by MyBatis Generator, do not modify.
      This element was generated on Mon Mar 05 17:59:56 CST 2018.
    -->
    delete from xb_sms_logs
    where id = #{id,jdbcType=BIGINT}
  </delete>
  <delete id="deleteByExample" parameterType="com.sinochem.pojo.XbSmsLogsExample">
    <!--
      WARNING - @mbg.generated
      This element is automatically generated by MyBatis Generator, do not modify.
      This element was generated on Mon Mar 05 17:59:56 CST 2018.
    -->
    delete from xb_sms_logs
    <if test="_parameter != null">
      <include refid="Example_Where_Clause" />
    </if>
  </delete>
  <insert id="insert" parameterType="com.sinochem.pojo.XbSmsLogs">
    <!--
      WARNING - @mbg.generated
      This element is automatically generated by MyBatis Generator, do not modify.
      This element was generated on Mon Mar 05 17:59:56 CST 2018.
    -->
    insert into xb_sms_logs (id, shop_no, uri, 
      access_date, req_param, res_param, 
      exp, creat_time)
    values (#{id,jdbcType=BIGINT}, #{shopNo,jdbcType=BIGINT}, #{uri,jdbcType=VARCHAR}, 
      #{accessDate,jdbcType=TIMESTAMP}, #{reqParam,jdbcType=VARCHAR}, #{resParam,jdbcType=VARCHAR}, 
      #{exp,jdbcType=VARCHAR}, #{creatTime,jdbcType=TIMESTAMP})
  </insert>
  <insert id="insertSelective" parameterType="com.sinochem.pojo.XbSmsLogs">
    <!--
      WARNING - @mbg.generated
      This element is automatically generated by MyBatis Generator, do not modify.
      This element was generated on Mon Mar 05 17:59:56 CST 2018.
    -->
    insert into xb_sms_logs
    <trim prefix="(" suffix=")" suffixOverrides=",">
      <if test="id != null">
        id,
      </if>
      <if test="shopNo != null">
        shop_no,
      </if>
      <if test="uri != null">
        uri,
      </if>
      <if test="accessDate != null">
        access_date,
      </if>
      <if test="reqParam != null">
        req_param,
      </if>
      <if test="resParam != null">
        res_param,
      </if>
      <if test="exp != null">
        exp,
      </if>
      <if test="creatTime != null">
        creat_time,
      </if>
    </trim>
    <trim prefix="values (" suffix=")" suffixOverrides=",">
      <if test="id != null">
        #{id,jdbcType=BIGINT},
      </if>
      <if test="shopNo != null">
        #{shopNo,jdbcType=BIGINT},
      </if>
      <if test="uri != null">
        #{uri,jdbcType=VARCHAR},
      </if>
      <if test="accessDate != null">
        #{accessDate,jdbcType=TIMESTAMP},
      </if>
      <if test="reqParam != null">
        #{reqParam,jdbcType=VARCHAR},
      </if>
      <if test="resParam != null">
        #{resParam,jdbcType=VARCHAR},
      </if>
      <if test="exp != null">
        #{exp,jdbcType=VARCHAR},
      </if>
      <if test="creatTime != null">
        #{creatTime,jdbcType=TIMESTAMP},
      </if>
    </trim>
  </insert>
  <select id="countByExample" parameterType="com.sinochem.pojo.XbSmsLogsExample" resultType="java.lang.Long">
    <!--
      WARNING - @mbg.generated
      This element is automatically generated by MyBatis Generator, do not modify.
      This element was generated on Mon Mar 05 17:59:56 CST 2018.
    -->
    select count(*) from xb_sms_logs
    <if test="_parameter != null">
      <include refid="Example_Where_Clause" />
    </if>
  </select>
  <update id="updateByExampleSelective" parameterType="map">
    <!--
      WARNING - @mbg.generated
      This element is automatically generated by MyBatis Generator, do not modify.
      This element was generated on Mon Mar 05 17:59:56 CST 2018.
    -->
    update xb_sms_logs
    <set>
      <if test="record.id != null">
        id = #{record.id,jdbcType=BIGINT},
      </if>
      <if test="record.shopNo != null">
        shop_no = #{record.shopNo,jdbcType=BIGINT},
      </if>
      <if test="record.uri != null">
        uri = #{record.uri,jdbcType=VARCHAR},
      </if>
      <if test="record.accessDate != null">
        access_date = #{record.accessDate,jdbcType=TIMESTAMP},
      </if>
      <if test="record.reqParam != null">
        req_param = #{record.reqParam,jdbcType=VARCHAR},
      </if>
      <if test="record.resParam != null">
        res_param = #{record.resParam,jdbcType=VARCHAR},
      </if>
      <if test="record.exp != null">
        exp = #{record.exp,jdbcType=VARCHAR},
      </if>
      <if test="record.creatTime != null">
        creat_time = #{record.creatTime,jdbcType=TIMESTAMP},
      </if>
    </set>
    <if test="_parameter != null">
      <include refid="Update_By_Example_Where_Clause" />
    </if>
  </update>
  <update id="updateByExample" parameterType="map">
    <!--
      WARNING - @mbg.generated
      This element is automatically generated by MyBatis Generator, do not modify.
      This element was generated on Mon Mar 05 17:59:56 CST 2018.
    -->
    update xb_sms_logs
    set id = #{record.id,jdbcType=BIGINT},
      shop_no = #{record.shopNo,jdbcType=BIGINT},
      uri = #{record.uri,jdbcType=VARCHAR},
      access_date = #{record.accessDate,jdbcType=TIMESTAMP},
      req_param = #{record.reqParam,jdbcType=VARCHAR},
      res_param = #{record.resParam,jdbcType=VARCHAR},
      exp = #{record.exp,jdbcType=VARCHAR},
      creat_time = #{record.creatTime,jdbcType=TIMESTAMP}
    <if test="_parameter != null">
      <include refid="Update_By_Example_Where_Clause" />
    </if>
  </update>
  <update id="updateByPrimaryKeySelective" parameterType="com.sinochem.pojo.XbSmsLogs">
    <!--
      WARNING - @mbg.generated
      This element is automatically generated by MyBatis Generator, do not modify.
      This element was generated on Mon Mar 05 17:59:56 CST 2018.
    -->
    update xb_sms_logs
    <set>
      <if test="shopNo != null">
        shop_no = #{shopNo,jdbcType=BIGINT},
      </if>
      <if test="uri != null">
        uri = #{uri,jdbcType=VARCHAR},
      </if>
      <if test="accessDate != null">
        access_date = #{accessDate,jdbcType=TIMESTAMP},
      </if>
      <if test="reqParam != null">
        req_param = #{reqParam,jdbcType=VARCHAR},
      </if>
      <if test="resParam != null">
        res_param = #{resParam,jdbcType=VARCHAR},
      </if>
      <if test="exp != null">
        exp = #{exp,jdbcType=VARCHAR},
      </if>
      <if test="creatTime != null">
        creat_time = #{creatTime,jdbcType=TIMESTAMP},
      </if>
    </set>
    where id = #{id,jdbcType=BIGINT}
  </update>
  <update id="updateByPrimaryKey" parameterType="com.sinochem.pojo.XbSmsLogs">
    <!--
      WARNING - @mbg.generated
      This element is automatically generated by MyBatis Generator, do not modify.
      This element was generated on Mon Mar 05 17:59:56 CST 2018.
    -->
    update xb_sms_logs
    set shop_no = #{shopNo,jdbcType=BIGINT},
      uri = #{uri,jdbcType=VARCHAR},
      access_date = #{accessDate,jdbcType=TIMESTAMP},
      req_param = #{reqParam,jdbcType=VARCHAR},
      res_param = #{resParam,jdbcType=VARCHAR},
      exp = #{exp,jdbcType=VARCHAR},
      creat_time = #{creatTime,jdbcType=TIMESTAMP}
    where id = #{id,jdbcType=BIGINT}
  </update>
</mapper>