<?xml version="1.0" encoding="UTF-8"?>
<!DOCTYPE mapper PUBLIC "-//mybatis.org//DTD Mapper 3.0//EN" "http://mybatis.org/dtd/mybatis-3-mapper.dtd">
<mapper namespace="com.sinochem.mapper.XbUserMapper">
  <resultMap id="BaseResultMap" type="com.sinochem.pojo.XbUser">
    <constructor>
      <arg column="id" javaType="java.lang.Long" jdbcType="BIGINT" />
      <arg column="app_id" javaType="java.lang.String" jdbcType="VARCHAR" />
      <arg column="password" javaType="java.lang.String" jdbcType="VARCHAR" />
      <arg column="real_name" javaType="java.lang.String" jdbcType="VARCHAR" />
      <arg column="nick_name" javaType="java.lang.String" jdbcType="VARCHAR" />
      <arg column="gender" javaType="java.lang.Boolean" jdbcType="BIT" />
      <arg column="avatar_url" javaType="java.lang.String" jdbcType="VARCHAR" />
      <arg column="signature" javaType="java.lang.String" jdbcType="VARCHAR" />
      <arg column="open_id" javaType="java.lang.String" jdbcType="VARCHAR" />
      <arg column="union_id" javaType="java.lang.String" jdbcType="VARCHAR" />
      <arg column="birthday" javaType="java.util.Date" jdbcType="TIMESTAMP" />
      <arg column="address" javaType="java.lang.String" jdbcType="VARCHAR" />
      <arg column="create_date" javaType="java.util.Date" jdbcType="TIMESTAMP" />
      <arg column="update_date" javaType="java.util.Date" jdbcType="TIMESTAMP" />
      <arg column="last_login_date" javaType="java.util.Date" jdbcType="TIMESTAMP" />
      <arg column="disabled" javaType="java.lang.Boolean" jdbcType="BIT" />
      <arg column="phone" javaType="java.lang.String" jdbcType="VARCHAR" />
      <arg column="is_phone_active" javaType="java.lang.Boolean" jdbcType="BIT" />
      <arg column="email" javaType="java.lang.String" jdbcType="VARCHAR" />
      <arg column="is_email_active" javaType="java.lang.Boolean" jdbcType="BIT" />
      <arg column="language" javaType="java.lang.String" jdbcType="VARCHAR" />
      <arg column="city" javaType="java.lang.String" jdbcType="VARCHAR" />
      <arg column="province" javaType="java.lang.String" jdbcType="VARCHAR" />
      <arg column="country" javaType="java.lang.String" jdbcType="VARCHAR" />
    </constructor>
  </resultMap>
  <sql id="Example_Where_Clause">
    <where>
      <foreach collection="oredCriteria" item="criteria" separator="or">
        <if test="criteria.valid">
          <trim prefix="(" prefixOverrides="and" suffix=")">
            <foreach collection="criteria.criteria" item="criterion">
              <choose>
                <when test="criterion.noValue">
                  and ${criterion.condition}
                </when>
                <when test="criterion.singleValue">
                  and ${criterion.condition} #{criterion.value}
                </when>
                <when test="criterion.betweenValue">
                  and ${criterion.condition} #{criterion.value} and #{criterion.secondValue}
                </when>
                <when test="criterion.listValue">
                  and ${criterion.condition}
                  <foreach close=")" collection="criterion.value" item="listItem" open="(" separator=",">
                    #{listItem}
                  </foreach>
                </when>
              </choose>
            </foreach>
          </trim>
        </if>
      </foreach>
    </where>
  </sql>
  <sql id="Update_By_Example_Where_Clause">
    <where>
      <foreach collection="example.oredCriteria" item="criteria" separator="or">
        <if test="criteria.valid">
          <trim prefix="(" prefixOverrides="and" suffix=")">
            <foreach collection="criteria.criteria" item="criterion">
              <choose>
                <when test="criterion.noValue">
                  and ${criterion.condition}
                </when>
                <when test="criterion.singleValue">
                  and ${criterion.condition} #{criterion.value}
                </when>
                <when test="criterion.betweenValue">
                  and ${criterion.condition} #{criterion.value} and #{criterion.secondValue}
                </when>
                <when test="criterion.listValue">
                  and ${criterion.condition}
                  <foreach close=")" collection="criterion.value" item="listItem" open="(" separator=",">
                    #{listItem}
                  </foreach>
                </when>
              </choose>
            </foreach>
          </trim>
        </if>
      </foreach>
    </where>
  </sql>
  <sql id="Base_Column_List">
    id, app_id, password, real_name, nick_name, gender, avatar_url, signature, open_id, 
    union_id, birthday, address, create_date, update_date, last_login_date, disabled, 
    phone, is_phone_active, email, is_email_active, language, city, province, country
  </sql>
  <select id="selectByExample" parameterType="com.sinochem.pojo.XbUserExample" resultMap="BaseResultMap">
    select
    <if test="distinct">
      distinct
    </if>
    'true' as QUERYID,
    <include refid="Base_Column_List" />
    from xb_users
    <if test="_parameter != null">
      <include refid="Example_Where_Clause" />
    </if>
    <if test="orderByClause != null">
      order by ${orderByClause}
    </if>
  </select>
  <insert id="insert" parameterType="com.sinochem.pojo.XbUser">
    insert into xb_users (id, app_id, password, 
      real_name, nick_name, gender, 
      avatar_url, signature, open_id, 
      union_id, birthday, address, 
      create_date, update_date, last_login_date, 
      disabled, phone, is_phone_active, 
      email, is_email_active, language, 
      city, province, country
      )
    values (#{id,jdbcType=BIGINT}, #{appId,jdbcType=VARCHAR}, #{password,jdbcType=VARCHAR}, 
      #{realName,jdbcType=VARCHAR}, #{nickName,jdbcType=VARCHAR}, #{gender,jdbcType=BIT}, 
      #{avatarUrl,jdbcType=VARCHAR}, #{signature,jdbcType=VARCHAR}, #{openId,jdbcType=VARCHAR}, 
      #{unionId,jdbcType=VARCHAR}, #{birthday,jdbcType=TIMESTAMP}, #{address,jdbcType=VARCHAR}, 
      #{createDate,jdbcType=TIMESTAMP}, #{updateDate,jdbcType=TIMESTAMP}, #{lastLoginDate,jdbcType=TIMESTAMP}, 
      #{disabled,jdbcType=BIT}, #{phone,jdbcType=VARCHAR}, #{isPhoneActive,jdbcType=BIT}, 
      #{email,jdbcType=VARCHAR}, #{isEmailActive,jdbcType=BIT}, #{language,jdbcType=VARCHAR}, 
      #{city,jdbcType=VARCHAR}, #{province,jdbcType=VARCHAR}, #{country,jdbcType=VARCHAR}
      )
  </insert>
  <insert id="insertSelective" parameterType="com.sinochem.pojo.XbUser">
    insert into xb_users
    <trim prefix="(" suffix=")" suffixOverrides=",">
      <if test="id != null">
        id,
      </if>
      <if test="appId != null">
        app_id,
      </if>
      <if test="password != null">
        password,
      </if>
      <if test="realName != null">
        real_name,
      </if>
      <if test="nickName != null">
        nick_name,
      </if>
      <if test="gender != null">
        gender,
      </if>
      <if test="avatarUrl != null">
        avatar_url,
      </if>
      <if test="signature != null">
        signature,
      </if>
      <if test="openId != null">
        open_id,
      </if>
      <if test="unionId != null">
        union_id,
      </if>
      <if test="birthday != null">
        birthday,
      </if>
      <if test="address != null">
        address,
      </if>
      <if test="createDate != null">
        create_date,
      </if>
      <if test="updateDate != null">
        update_date,
      </if>
      <if test="lastLoginDate != null">
        last_login_date,
      </if>
      <if test="disabled != null">
        disabled,
      </if>
      <if test="phone != null">
        phone,
      </if>
      <if test="isPhoneActive != null">
        is_phone_active,
      </if>
      <if test="email != null">
        email,
      </if>
      <if test="isEmailActive != null">
        is_email_active,
      </if>
      <if test="language != null">
        language,
      </if>
      <if test="city != null">
        city,
      </if>
      <if test="province != null">
        province,
      </if>
      <if test="country != null">
        country,
      </if>
    </trim>
    <trim prefix="values (" suffix=")" suffixOverrides=",">
      <if test="id != null">
        #{id,jdbcType=BIGINT},
      </if>
      <if test="appId != null">
        #{appId,jdbcType=VARCHAR},
      </if>
      <if test="password != null">
        #{password,jdbcType=VARCHAR},
      </if>
      <if test="realName != null">
        #{realName,jdbcType=VARCHAR},
      </if>
      <if test="nickName != null">
        #{nickName,jdbcType=VARCHAR},
      </if>
      <if test="gender != null">
        #{gender,jdbcType=BIT},
      </if>
      <if test="avatarUrl != null">
        #{avatarUrl,jdbcType=VARCHAR},
      </if>
      <if test="signature != null">
        #{signature,jdbcType=VARCHAR},
      </if>
      <if test="openId != null">
        #{openId,jdbcType=VARCHAR},
      </if>
      <if test="unionId != null">
        #{unionId,jdbcType=VARCHAR},
      </if>
      <if test="birthday != null">
        #{birthday,jdbcType=TIMESTAMP},
      </if>
      <if test="address != null">
        #{address,jdbcType=VARCHAR},
      </if>
      <if test="createDate != null">
        #{createDate,jdbcType=TIMESTAMP},
      </if>
      <if test="updateDate != null">
        #{updateDate,jdbcType=TIMESTAMP},
      </if>
      <if test="lastLoginDate != null">
        #{lastLoginDate,jdbcType=TIMESTAMP},
      </if>
      <if test="disabled != null">
        #{disabled,jdbcType=BIT},
      </if>
      <if test="phone != null">
        #{phone,jdbcType=VARCHAR},
      </if>
      <if test="isPhoneActive != null">
        #{isPhoneActive,jdbcType=BIT},
      </if>
      <if test="email != null">
        #{email,jdbcType=VARCHAR},
      </if>
      <if test="isEmailActive != null">
        #{isEmailActive,jdbcType=BIT},
      </if>
      <if test="language != null">
        #{language,jdbcType=VARCHAR},
      </if>
      <if test="city != null">
        #{city,jdbcType=VARCHAR},
      </if>
      <if test="province != null">
        #{province,jdbcType=VARCHAR},
      </if>
      <if test="country != null">
        #{country,jdbcType=VARCHAR},
      </if>
    </trim>
  </insert>
  <update id="updateByExampleSelective" parameterType="map">
    update xb_users
    <set>
      <if test="record.id != null">
        id = #{record.id,jdbcType=BIGINT},
      </if>
      <if test="record.appId != null">
        app_id = #{record.appId,jdbcType=VARCHAR},
      </if>
      <if test="record.password != null">
        password = #{record.password,jdbcType=VARCHAR},
      </if>
      <if test="record.realName != null">
        real_name = #{record.realName,jdbcType=VARCHAR},
      </if>
      <if test="record.nickName != null">
        nick_name = #{record.nickName,jdbcType=VARCHAR},
      </if>
      <if test="record.gender != null">
        gender = #{record.gender,jdbcType=BIT},
      </if>
      <if test="record.avatarUrl != null">
        avatar_url = #{record.avatarUrl,jdbcType=VARCHAR},
      </if>
      <if test="record.signature != null">
        signature = #{record.signature,jdbcType=VARCHAR},
      </if>
      <if test="record.openId != null">
        open_id = #{record.openId,jdbcType=VARCHAR},
      </if>
      <if test="record.unionId != null">
        union_id = #{record.unionId,jdbcType=VARCHAR},
      </if>
      <if test="record.birthday != null">
        birthday = #{record.birthday,jdbcType=TIMESTAMP},
      </if>
      <if test="record.address != null">
        address = #{record.address,jdbcType=VARCHAR},
      </if>
      <if test="record.createDate != null">
        create_date = #{record.createDate,jdbcType=TIMESTAMP},
      </if>
      <if test="record.updateDate != null">
        update_date = #{record.updateDate,jdbcType=TIMESTAMP},
      </if>
      <if test="record.lastLoginDate != null">
        last_login_date = #{record.lastLoginDate,jdbcType=TIMESTAMP},
      </if>
      <if test="record.disabled != null">
        disabled = #{record.disabled,jdbcType=BIT},
      </if>
      <if test="record.phone != null">
        phone = #{record.phone,jdbcType=VARCHAR},
      </if>
      <if test="record.isPhoneActive != null">
        is_phone_active = #{record.isPhoneActive,jdbcType=BIT},
      </if>
      <if test="record.email != null">
        email = #{record.email,jdbcType=VARCHAR},
      </if>
      <if test="record.isEmailActive != null">
        is_email_active = #{record.isEmailActive,jdbcType=BIT},
      </if>
      <if test="record.language != null">
        language = #{record.language,jdbcType=VARCHAR},
      </if>
      <if test="record.city != null">
        city = #{record.city,jdbcType=VARCHAR},
      </if>
      <if test="record.province != null">
        province = #{record.province,jdbcType=VARCHAR},
      </if>
      <if test="record.country != null">
        country = #{record.country,jdbcType=VARCHAR},
      </if>
    </set>
    <if test="_parameter != null">
      <include refid="Update_By_Example_Where_Clause" />
    </if>
  </update>
  <update id="updateByExample" parameterType="map">
    update xb_users
    set id = #{record.id,jdbcType=BIGINT},
      app_id = #{record.appId,jdbcType=VARCHAR},
      password = #{record.password,jdbcType=VARCHAR},
      real_name = #{record.realName,jdbcType=VARCHAR},
      nick_name = #{record.nickName,jdbcType=VARCHAR},
      gender = #{record.gender,jdbcType=BIT},
      avatar_url = #{record.avatarUrl,jdbcType=VARCHAR},
      signature = #{record.signature,jdbcType=VARCHAR},
      open_id = #{record.openId,jdbcType=VARCHAR},
      union_id = #{record.unionId,jdbcType=VARCHAR},
      birthday = #{record.birthday,jdbcType=TIMESTAMP},
      address = #{record.address,jdbcType=VARCHAR},
      create_date = #{record.createDate,jdbcType=TIMESTAMP},
      update_date = #{record.updateDate,jdbcType=TIMESTAMP},
      last_login_date = #{record.lastLoginDate,jdbcType=TIMESTAMP},
      disabled = #{record.disabled,jdbcType=BIT},
      phone = #{record.phone,jdbcType=VARCHAR},
      is_phone_active = #{record.isPhoneActive,jdbcType=BIT},
      email = #{record.email,jdbcType=VARCHAR},
      is_email_active = #{record.isEmailActive,jdbcType=BIT},
      language = #{record.language,jdbcType=VARCHAR},
      city = #{record.city,jdbcType=VARCHAR},
      province = #{record.province,jdbcType=VARCHAR},
      country = #{record.country,jdbcType=VARCHAR}
    <if test="_parameter != null">
      <include refid="Update_By_Example_Where_Clause" />
    </if>
  </update>
</mapper>