<?xml version="1.0" encoding="UTF-8"?>
<!DOCTYPE mapper PUBLIC "-//mybatis.org//DTD Mapper 3.0//EN" "http://mybatis.org/dtd/mybatis-3-mapper.dtd">
<mapper namespace="com.sinochem.mapper.XbProductMapper">
  <resultMap id="BaseResultMap" type="com.sinochem.pojo.XbProduct">
    <!--
      WARNING - @mbg.generated
      This element is automatically generated by MyBatis Generator, do not modify.
      This element was generated on Wed Mar 07 16:08:42 CST 2018.
    -->
    <id column="id" jdbcType="BIGINT" property="id" />
    <result column="shop_no" jdbcType="BIGINT" property="shopNo" />
    <result column="bar_code" jdbcType="BIGINT" property="barCode" />
    <result column="product_name" jdbcType="VARCHAR" property="productName" />
    <result column="category_type" jdbcType="TINYINT" property="categoryType" />
    <result column="brand_name" jdbcType="VARCHAR" property="brandName" />
    <result column="sale_price" jdbcType="BIGINT" property="salePrice" />
    <result column="market_price" jdbcType="BIGINT" property="marketPrice" />
    <result column="settle_price" jdbcType="BIGINT" property="settlePrice" />
    <result column="stock" jdbcType="BIGINT" property="stock" />
    <result column="pic_url" jdbcType="VARCHAR" property="picUrl" />
    <result column="status" jdbcType="TINYINT" property="status" />
    <result column="create_time" jdbcType="TIMESTAMP" property="createTime" />
  </resultMap>
  <sql id="Example_Where_Clause">
    <!--
      WARNING - @mbg.generated
      This element is automatically generated by MyBatis Generator, do not modify.
      This element was generated on Wed Mar 07 16:08:42 CST 2018.
    -->
    <where>
      <foreach collection="oredCriteria" item="criteria" separator="or">
        <if test="criteria.valid">
          <trim prefix="(" prefixOverrides="and" suffix=")">
            <foreach collection="criteria.criteria" item="criterion">
              <choose>
                <when test="criterion.noValue">
                  and ${criterion.condition}
                </when>
                <when test="criterion.singleValue">
                  and ${criterion.condition} #{criterion.value}
                </when>
                <when test="criterion.betweenValue">
                  and ${criterion.condition} #{criterion.value} and #{criterion.secondValue}
                </when>
                <when test="criterion.listValue">
                  and ${criterion.condition}
                  <foreach close=")" collection="criterion.value" item="listItem" open="(" separator=",">
                    #{listItem}
                  </foreach>
                </when>
              </choose>
            </foreach>
          </trim>
        </if>
      </foreach>
    </where>
  </sql>
  <sql id="Update_By_Example_Where_Clause">
    <!--
      WARNING - @mbg.generated
      This element is automatically generated by MyBatis Generator, do not modify.
      This element was generated on Wed Mar 07 16:08:42 CST 2018.
    -->
    <where>
      <foreach collection="example.oredCriteria" item="criteria" separator="or">
        <if test="criteria.valid">
          <trim prefix="(" prefixOverrides="and" suffix=")">
            <foreach collection="criteria.criteria" item="criterion">
              <choose>
                <when test="criterion.noValue">
                  and ${criterion.condition}
                </when>
                <when test="criterion.singleValue">
                  and ${criterion.condition} #{criterion.value}
                </when>
                <when test="criterion.betweenValue">
                  and ${criterion.condition} #{criterion.value} and #{criterion.secondValue}
                </when>
                <when test="criterion.listValue">
                  and ${criterion.condition}
                  <foreach close=")" collection="criterion.value" item="listItem" open="(" separator=",">
                    #{listItem}
                  </foreach>
                </when>
              </choose>
            </foreach>
          </trim>
        </if>
      </foreach>
    </where>
  </sql>
  <sql id="Base_Column_List">
    <!--
      WARNING - @mbg.generated
      This element is automatically generated by MyBatis Generator, do not modify.
      This element was generated on Wed Mar 07 16:08:42 CST 2018.
    -->
    id, shop_no, bar_code, product_name, category_type, brand_name, sale_price, market_price, 
    settle_price, stock, pic_url, status, create_time
  </sql>
  <select id="selectByExample" parameterType="com.sinochem.pojo.XbProductExample" resultMap="BaseResultMap">
    <!--
      WARNING - @mbg.generated
      This element is automatically generated by MyBatis Generator, do not modify.
      This element was generated on Wed Mar 07 16:08:42 CST 2018.
    -->
    select
    <if test="distinct">
      distinct
    </if>
    <include refid="Base_Column_List" />
    from xb_product
    <if test="_parameter != null">
      <include refid="Example_Where_Clause" />
    </if>
    <if test="orderByClause != null">
      order by ${orderByClause}
    </if>
  </select>
  <select id="selectByPrimaryKey" parameterType="java.lang.Long" resultMap="BaseResultMap">
    <!--
      WARNING - @mbg.generated
      This element is automatically generated by MyBatis Generator, do not modify.
      This element was generated on Wed Mar 07 16:08:42 CST 2018.
    -->
    select 
    <include refid="Base_Column_List" />
    from xb_product
    where id = #{id,jdbcType=BIGINT}
  </select>
  <delete id="deleteByPrimaryKey" parameterType="java.lang.Long">
    <!--
      WARNING - @mbg.generated
      This element is automatically generated by MyBatis Generator, do not modify.
      This element was generated on Wed Mar 07 16:08:42 CST 2018.
    -->
    delete from xb_product
    where id = #{id,jdbcType=BIGINT}
  </delete>
  <delete id="deleteByExample" parameterType="com.sinochem.pojo.XbProductExample">
    <!--
      WARNING - @mbg.generated
      This element is automatically generated by MyBatis Generator, do not modify.
      This element was generated on Wed Mar 07 16:08:42 CST 2018.
    -->
    delete from xb_product
    <if test="_parameter != null">
      <include refid="Example_Where_Clause" />
    </if>
  </delete>
  <insert id="insert" parameterType="com.sinochem.pojo.XbProduct">
    <!--
      WARNING - @mbg.generated
      This element is automatically generated by MyBatis Generator, do not modify.
      This element was generated on Wed Mar 07 16:08:42 CST 2018.
    -->
    insert into xb_product (id, shop_no, bar_code, 
      product_name, category_type, brand_name, 
      sale_price, market_price, settle_price, 
      stock, pic_url, status, 
      create_time)
    values (#{id,jdbcType=BIGINT}, #{shopNo,jdbcType=BIGINT}, #{barCode,jdbcType=BIGINT}, 
      #{productName,jdbcType=VARCHAR}, #{categoryType,jdbcType=TINYINT}, #{brandName,jdbcType=VARCHAR}, 
      #{salePrice,jdbcType=BIGINT}, #{marketPrice,jdbcType=BIGINT}, #{settlePrice,jdbcType=BIGINT}, 
      #{stock,jdbcType=BIGINT}, #{picUrl,jdbcType=VARCHAR}, #{status,jdbcType=TINYINT}, 
      #{createTime,jdbcType=TIMESTAMP})
  </insert>
  <insert id="insertSelective" parameterType="com.sinochem.pojo.XbProduct">
    <!--
      WARNING - @mbg.generated
      This element is automatically generated by MyBatis Generator, do not modify.
      This element was generated on Wed Mar 07 16:08:42 CST 2018.
    -->
    insert into xb_product
    <trim prefix="(" suffix=")" suffixOverrides=",">
      <if test="id != null">
        id,
      </if>
      <if test="shopNo != null">
        shop_no,
      </if>
      <if test="barCode != null">
        bar_code,
      </if>
      <if test="productName != null">
        product_name,
      </if>
      <if test="categoryType != null">
        category_type,
      </if>
      <if test="brandName != null">
        brand_name,
      </if>
      <if test="salePrice != null">
        sale_price,
      </if>
      <if test="marketPrice != null">
        market_price,
      </if>
      <if test="settlePrice != null">
        settle_price,
      </if>
      <if test="stock != null">
        stock,
      </if>
      <if test="picUrl != null">
        pic_url,
      </if>
      <if test="status != null">
        status,
      </if>
      <if test="createTime != null">
        create_time,
      </if>
    </trim>
    <trim prefix="values (" suffix=")" suffixOverrides=",">
      <if test="id != null">
        #{id,jdbcType=BIGINT},
      </if>
      <if test="shopNo != null">
        #{shopNo,jdbcType=BIGINT},
      </if>
      <if test="barCode != null">
        #{barCode,jdbcType=BIGINT},
      </if>
      <if test="productName != null">
        #{productName,jdbcType=VARCHAR},
      </if>
      <if test="categoryType != null">
        #{categoryType,jdbcType=TINYINT},
      </if>
      <if test="brandName != null">
        #{brandName,jdbcType=VARCHAR},
      </if>
      <if test="salePrice != null">
        #{salePrice,jdbcType=BIGINT},
      </if>
      <if test="marketPrice != null">
        #{marketPrice,jdbcType=BIGINT},
      </if>
      <if test="settlePrice != null">
        #{settlePrice,jdbcType=BIGINT},
      </if>
      <if test="stock != null">
        #{stock,jdbcType=BIGINT},
      </if>
      <if test="picUrl != null">
        #{picUrl,jdbcType=VARCHAR},
      </if>
      <if test="status != null">
        #{status,jdbcType=TINYINT},
      </if>
      <if test="createTime != null">
        #{createTime,jdbcType=TIMESTAMP},
      </if>
    </trim>
  </insert>
  <select id="countByExample" parameterType="com.sinochem.pojo.XbProductExample" resultType="java.lang.Long">
    <!--
      WARNING - @mbg.generated
      This element is automatically generated by MyBatis Generator, do not modify.
      This element was generated on Wed Mar 07 16:08:42 CST 2018.
    -->
    select count(*) from xb_product
    <if test="_parameter != null">
      <include refid="Example_Where_Clause" />
    </if>
  </select>
  <update id="updateByExampleSelective" parameterType="map">
    <!--
      WARNING - @mbg.generated
      This element is automatically generated by MyBatis Generator, do not modify.
      This element was generated on Wed Mar 07 16:08:42 CST 2018.
    -->
    update xb_product
    <set>
      <if test="record.id != null">
        id = #{record.id,jdbcType=BIGINT},
      </if>
      <if test="record.shopNo != null">
        shop_no = #{record.shopNo,jdbcType=BIGINT},
      </if>
      <if test="record.barCode != null">
        bar_code = #{record.barCode,jdbcType=BIGINT},
      </if>
      <if test="record.productName != null">
        product_name = #{record.productName,jdbcType=VARCHAR},
      </if>
      <if test="record.categoryType != null">
        category_type = #{record.categoryType,jdbcType=TINYINT},
      </if>
      <if test="record.brandName != null">
        brand_name = #{record.brandName,jdbcType=VARCHAR},
      </if>
      <if test="record.salePrice != null">
        sale_price = #{record.salePrice,jdbcType=BIGINT},
      </if>
      <if test="record.marketPrice != null">
        market_price = #{record.marketPrice,jdbcType=BIGINT},
      </if>
      <if test="record.settlePrice != null">
        settle_price = #{record.settlePrice,jdbcType=BIGINT},
      </if>
      <if test="record.stock != null">
        stock = #{record.stock,jdbcType=BIGINT},
      </if>
      <if test="record.picUrl != null">
        pic_url = #{record.picUrl,jdbcType=VARCHAR},
      </if>
      <if test="record.status != null">
        status = #{record.status,jdbcType=TINYINT},
      </if>
      <if test="record.createTime != null">
        create_time = #{record.createTime,jdbcType=TIMESTAMP},
      </if>
    </set>
    <if test="_parameter != null">
      <include refid="Update_By_Example_Where_Clause" />
    </if>
  </update>
  <update id="updateByExample" parameterType="map">
    <!--
      WARNING - @mbg.generated
      This element is automatically generated by MyBatis Generator, do not modify.
      This element was generated on Wed Mar 07 16:08:42 CST 2018.
    -->
    update xb_product
    set id = #{record.id,jdbcType=BIGINT},
      shop_no = #{record.shopNo,jdbcType=BIGINT},
      bar_code = #{record.barCode,jdbcType=BIGINT},
      product_name = #{record.productName,jdbcType=VARCHAR},
      category_type = #{record.categoryType,jdbcType=TINYINT},
      brand_name = #{record.brandName,jdbcType=VARCHAR},
      sale_price = #{record.salePrice,jdbcType=BIGINT},
      market_price = #{record.marketPrice,jdbcType=BIGINT},
      settle_price = #{record.settlePrice,jdbcType=BIGINT},
      stock = #{record.stock,jdbcType=BIGINT},
      pic_url = #{record.picUrl,jdbcType=VARCHAR},
      status = #{record.status,jdbcType=TINYINT},
      create_time = #{record.createTime,jdbcType=TIMESTAMP}
    <if test="_parameter != null">
      <include refid="Update_By_Example_Where_Clause" />
    </if>
  </update>
  <update id="updateByPrimaryKeySelective" parameterType="com.sinochem.pojo.XbProduct">
    <!--
      WARNING - @mbg.generated
      This element is automatically generated by MyBatis Generator, do not modify.
      This element was generated on Wed Mar 07 16:08:42 CST 2018.
    -->
    update xb_product
    <set>
      <if test="shopNo != null">
        shop_no = #{shopNo,jdbcType=BIGINT},
      </if>
      <if test="barCode != null">
        bar_code = #{barCode,jdbcType=BIGINT},
      </if>
      <if test="productName != null">
        product_name = #{productName,jdbcType=VARCHAR},
      </if>
      <if test="categoryType != null">
        category_type = #{categoryType,jdbcType=TINYINT},
      </if>
      <if test="brandName != null">
        brand_name = #{brandName,jdbcType=VARCHAR},
      </if>
      <if test="salePrice != null">
        sale_price = #{salePrice,jdbcType=BIGINT},
      </if>
      <if test="marketPrice != null">
        market_price = #{marketPrice,jdbcType=BIGINT},
      </if>
      <if test="settlePrice != null">
        settle_price = #{settlePrice,jdbcType=BIGINT},
      </if>
      <if test="stock != null">
        stock = #{stock,jdbcType=BIGINT},
      </if>
      <if test="picUrl != null">
        pic_url = #{picUrl,jdbcType=VARCHAR},
      </if>
      <if test="status != null">
        status = #{status,jdbcType=TINYINT},
      </if>
      <if test="createTime != null">
        create_time = #{createTime,jdbcType=TIMESTAMP},
      </if>
    </set>
    where id = #{id,jdbcType=BIGINT}
  </update>
  <update id="updateByPrimaryKey" parameterType="com.sinochem.pojo.XbProduct">
    <!--
      WARNING - @mbg.generated
      This element is automatically generated by MyBatis Generator, do not modify.
      This element was generated on Wed Mar 07 16:08:42 CST 2018.
    -->
    update xb_product
    set shop_no = #{shopNo,jdbcType=BIGINT},
      bar_code = #{barCode,jdbcType=BIGINT},
      product_name = #{productName,jdbcType=VARCHAR},
      category_type = #{categoryType,jdbcType=TINYINT},
      brand_name = #{brandName,jdbcType=VARCHAR},
      sale_price = #{salePrice,jdbcType=BIGINT},
      market_price = #{marketPrice,jdbcType=BIGINT},
      settle_price = #{settlePrice,jdbcType=BIGINT},
      stock = #{stock,jdbcType=BIGINT},
      pic_url = #{picUrl,jdbcType=VARCHAR},
      status = #{status,jdbcType=TINYINT},
      create_time = #{createTime,jdbcType=TIMESTAMP}
    where id = #{id,jdbcType=BIGINT}
  </update>
</mapper>