<?xml version="1.0" encoding="UTF-8"?>
<!DOCTYPE mapper PUBLIC "-//mybatis.org//DTD Mapper 3.0//EN" "http://mybatis.org/dtd/mybatis-3-mapper.dtd">
<mapper namespace="com.sinochem.mapper.XbShopMapper">
  <resultMap id="BaseResultMap" type="com.sinochem.bean.XbShop">
    <!--
      WARNING - @mbg.generated
      This element is automatically generated by MyBatis Generator, do not modify.
      This element was generated on Wed Mar 07 16:08:42 CST 2018.
    -->
    <id column="id" jdbcType="BIGINT" property="id" />
    <result column="shop_no" jdbcType="BIGINT" property="shopNo" />
    <result column="shop_name" jdbcType="VARCHAR" property="shopName" />
    <result column="shop_owner" jdbcType="VARCHAR" property="shopOwner" />
    <result column="contract_mobile" jdbcType="VARCHAR" property="contractMobile" />
    <result column="status" jdbcType="TINYINT" property="status" />
    <result column="qr_pic_path" jdbcType="VARCHAR" property="qrPicPath" />
    <result column="shop_address" jdbcType="VARCHAR" property="shopAddress" />
    <result column="shop_lat" jdbcType="DECIMAL" property="shopLat" />
    <result column="shop_lng" jdbcType="DECIMAL" property="shopLng" />
    <result column="distributor_name" jdbcType="VARCHAR" property="distributorName" />
    <result column="distributor_id" jdbcType="VARCHAR" property="distributorId" />
    <result column="remark" jdbcType="VARCHAR" property="remark" />
    <result column="create_time" jdbcType="TIMESTAMP" property="createTime" />
  </resultMap>
  <resultMap extends="BaseResultMap" id="ResultMapWithBLOBs" type="com.sinochem.pojo.XbShop">
    <!--
      WARNING - @mbg.generated
      This element is automatically generated by MyBatis Generator, do not modify.
      This element was generated on Wed Mar 07 16:08:42 CST 2018.
    -->
    <result column="qr_pic_data" jdbcType="LONGVARCHAR" property="qrPicData" />
  </resultMap>
  <sql id="Example_Where_Clause">
    <!--
      WARNING - @mbg.generated
      This element is automatically generated by MyBatis Generator, do not modify.
      This element was generated on Wed Mar 07 16:08:42 CST 2018.
    -->
    <where>
      <foreach collection="oredCriteria" item="criteria" separator="or">
        <if test="criteria.valid">
          <trim prefix="(" prefixOverrides="and" suffix=")">
            <foreach collection="criteria.criteria" item="criterion">
              <choose>
                <when test="criterion.noValue">
                  and ${criterion.condition}
                </when>
                <when test="criterion.singleValue">
                  and ${criterion.condition} #{criterion.value}
                </when>
                <when test="criterion.betweenValue">
                  and ${criterion.condition} #{criterion.value} and #{criterion.secondValue}
                </when>
                <when test="criterion.listValue">
                  and ${criterion.condition}
                  <foreach close=")" collection="criterion.value" item="listItem" open="(" separator=",">
                    #{listItem}
                  </foreach>
                </when>
              </choose>
            </foreach>
          </trim>
        </if>
      </foreach>
    </where>
  </sql>
  <sql id="Update_By_Example_Where_Clause">
    <!--
      WARNING - @mbg.generated
      This element is automatically generated by MyBatis Generator, do not modify.
      This element was generated on Wed Mar 07 16:08:42 CST 2018.
    -->
    <where>
      <foreach collection="example.oredCriteria" item="criteria" separator="or">
        <if test="criteria.valid">
          <trim prefix="(" prefixOverrides="and" suffix=")">
            <foreach collection="criteria.criteria" item="criterion">
              <choose>
                <when test="criterion.noValue">
                  and ${criterion.condition}
                </when>
                <when test="criterion.singleValue">
                  and ${criterion.condition} #{criterion.value}
                </when>
                <when test="criterion.betweenValue">
                  and ${criterion.condition} #{criterion.value} and #{criterion.secondValue}
                </when>
                <when test="criterion.listValue">
                  and ${criterion.condition}
                  <foreach close=")" collection="criterion.value" item="listItem" open="(" separator=",">
                    #{listItem}
                  </foreach>
                </when>
              </choose>
            </foreach>
          </trim>
        </if>
      </foreach>
    </where>
  </sql>
  <sql id="Base_Column_List">
    <!--
      WARNING - @mbg.generated
      This element is automatically generated by MyBatis Generator, do not modify.
      This element was generated on Wed Mar 07 16:08:42 CST 2018.
    -->
    id, shop_no, shop_name, shop_owner, contract_mobile, status, qr_pic_path, shop_address, 
    shop_lat, shop_lng, distributor_name, distributor_id, remark, create_time
  </sql>
  <sql id="Blob_Column_List">
    <!--
      WARNING - @mbg.generated
      This element is automatically generated by MyBatis Generator, do not modify.
      This element was generated on Wed Mar 07 16:08:42 CST 2018.
    -->
    qr_pic_data
  </sql>
  <select id="selectByExampleWithBLOBs" parameterType="com.sinochem.pojo.XbShopExample" resultMap="ResultMapWithBLOBs">
    <!--
      WARNING - @mbg.generated
      This element is automatically generated by MyBatis Generator, do not modify.
      This element was generated on Wed Mar 07 16:08:42 CST 2018.
    -->
    select
    <if test="distinct">
      distinct
    </if>
    <include refid="Base_Column_List" />
    ,
    <include refid="Blob_Column_List" />
    from xb_shop
    <if test="_parameter != null">
      <include refid="Example_Where_Clause" />
    </if>
    <if test="orderByClause != null">
      order by ${orderByClause}
    </if>
  </select>
  <select id="selectByExample" parameterType="com.sinochem.pojo.XbShopExample" resultMap="BaseResultMap">
    <!--
      WARNING - @mbg.generated
      This element is automatically generated by MyBatis Generator, do not modify.
      This element was generated on Wed Mar 07 16:08:42 CST 2018.
    -->
    select
    <if test="distinct">
      distinct
    </if>
    <include refid="Base_Column_List" />
    from xb_shop
    <if test="_parameter != null">
      <include refid="Example_Where_Clause" />
    </if>
    <if test="orderByClause != null">
      order by ${orderByClause}
    </if>
  </select>
  <select id="selectByPrimaryKey" parameterType="java.lang.Long" resultMap="ResultMapWithBLOBs">
    <!--
      WARNING - @mbg.generated
      This element is automatically generated by MyBatis Generator, do not modify.
      This element was generated on Wed Mar 07 16:08:42 CST 2018.
    -->
    select 
    <include refid="Base_Column_List" />
    ,
    <include refid="Blob_Column_List" />
    from xb_shop
    where id = #{id,jdbcType=BIGINT}
  </select>
  <delete id="deleteByPrimaryKey" parameterType="java.lang.Long">
    <!--
      WARNING - @mbg.generated
      This element is automatically generated by MyBatis Generator, do not modify.
      This element was generated on Wed Mar 07 16:08:42 CST 2018.
    -->
    delete from xb_shop
    where id = #{id,jdbcType=BIGINT}
  </delete>
  <delete id="deleteByExample" parameterType="com.sinochem.pojo.XbShopExample">
    <!--
      WARNING - @mbg.generated
      This element is automatically generated by MyBatis Generator, do not modify.
      This element was generated on Wed Mar 07 16:08:42 CST 2018.
    -->
    delete from xb_shop
    <if test="_parameter != null">
      <include refid="Example_Where_Clause" />
    </if>
  </delete>
  <insert id="insert" parameterType="com.sinochem.pojo.XbShop">
    <!--
      WARNING - @mbg.generated
      This element is automatically generated by MyBatis Generator, do not modify.
      This element was generated on Wed Mar 07 16:08:42 CST 2018.
    -->
    insert into xb_shop (id, shop_no, shop_name, 
      shop_owner, contract_mobile, status, 
      qr_pic_path, shop_address, shop_lat, 
      shop_lng, distributor_name, distributor_id, 
      remark, create_time, qr_pic_data
      )
    values (#{id,jdbcType=BIGINT}, #{shopNo,jdbcType=BIGINT}, #{shopName,jdbcType=VARCHAR}, 
      #{shopOwner,jdbcType=VARCHAR}, #{contractMobile,jdbcType=VARCHAR}, #{status,jdbcType=TINYINT}, 
      #{qrPicPath,jdbcType=VARCHAR}, #{shopAddress,jdbcType=VARCHAR}, #{shopLat,jdbcType=DECIMAL}, 
      #{shopLng,jdbcType=DECIMAL}, #{distributorName,jdbcType=VARCHAR}, #{distributorId,jdbcType=VARCHAR}, 
      #{remark,jdbcType=VARCHAR}, #{createTime,jdbcType=TIMESTAMP}, #{qrPicData,jdbcType=LONGVARCHAR}
      )
  </insert>
  <insert id="insertSelective" parameterType="com.sinochem.pojo.XbShop">
    <!--
      WARNING - @mbg.generated
      This element is automatically generated by MyBatis Generator, do not modify.
      This element was generated on Wed Mar 07 16:08:42 CST 2018.
    -->
    insert into xb_shop
    <trim prefix="(" suffix=")" suffixOverrides=",">
      <if test="id != null">
        id,
      </if>
      <if test="shopNo != null">
        shop_no,
      </if>
      <if test="shopName != null">
        shop_name,
      </if>
      <if test="shopOwner != null">
        shop_owner,
      </if>
      <if test="contractMobile != null">
        contract_mobile,
      </if>
      <if test="status != null">
        status,
      </if>
      <if test="qrPicPath != null">
        qr_pic_path,
      </if>
      <if test="shopAddress != null">
        shop_address,
      </if>
      <if test="shopLat != null">
        shop_lat,
      </if>
      <if test="shopLng != null">
        shop_lng,
      </if>
      <if test="distributorName != null">
        distributor_name,
      </if>
      <if test="distributorId != null">
        distributor_id,
      </if>
      <if test="remark != null">
        remark,
      </if>
      <if test="createTime != null">
        create_time,
      </if>
      <if test="qrPicData != null">
        qr_pic_data,
      </if>
    </trim>
    <trim prefix="values (" suffix=")" suffixOverrides=",">
      <if test="id != null">
        #{id,jdbcType=BIGINT},
      </if>
      <if test="shopNo != null">
        #{shopNo,jdbcType=BIGINT},
      </if>
      <if test="shopName != null">
        #{shopName,jdbcType=VARCHAR},
      </if>
      <if test="shopOwner != null">
        #{shopOwner,jdbcType=VARCHAR},
      </if>
      <if test="contractMobile != null">
        #{contractMobile,jdbcType=VARCHAR},
      </if>
      <if test="status != null">
        #{status,jdbcType=TINYINT},
      </if>
      <if test="qrPicPath != null">
        #{qrPicPath,jdbcType=VARCHAR},
      </if>
      <if test="shopAddress != null">
        #{shopAddress,jdbcType=VARCHAR},
      </if>
      <if test="shopLat != null">
        #{shopLat,jdbcType=DECIMAL},
      </if>
      <if test="shopLng != null">
        #{shopLng,jdbcType=DECIMAL},
      </if>
      <if test="distributorName != null">
        #{distributorName,jdbcType=VARCHAR},
      </if>
      <if test="distributorId != null">
        #{distributorId,jdbcType=VARCHAR},
      </if>
      <if test="remark != null">
        #{remark,jdbcType=VARCHAR},
      </if>
      <if test="createTime != null">
        #{createTime,jdbcType=TIMESTAMP},
      </if>
      <if test="qrPicData != null">
        #{qrPicData,jdbcType=LONGVARCHAR},
      </if>
    </trim>
  </insert>
  <select id="countByExample" parameterType="com.sinochem.pojo.XbShopExample" resultType="java.lang.Long">
    <!--
      WARNING - @mbg.generated
      This element is automatically generated by MyBatis Generator, do not modify.
      This element was generated on Wed Mar 07 16:08:42 CST 2018.
    -->
    select count(*) from xb_shop
    <if test="_parameter != null">
      <include refid="Example_Where_Clause" />
    </if>
  </select>
  <update id="updateByExampleSelective" parameterType="map">
    <!--
      WARNING - @mbg.generated
      This element is automatically generated by MyBatis Generator, do not modify.
      This element was generated on Wed Mar 07 16:08:42 CST 2018.
    -->
    update xb_shop
    <set>
      <if test="record.id != null">
        id = #{record.id,jdbcType=BIGINT},
      </if>
      <if test="record.shopNo != null">
        shop_no = #{record.shopNo,jdbcType=BIGINT},
      </if>
      <if test="record.shopName != null">
        shop_name = #{record.shopName,jdbcType=VARCHAR},
      </if>
      <if test="record.shopOwner != null">
        shop_owner = #{record.shopOwner,jdbcType=VARCHAR},
      </if>
      <if test="record.contractMobile != null">
        contract_mobile = #{record.contractMobile,jdbcType=VARCHAR},
      </if>
      <if test="record.status != null">
        status = #{record.status,jdbcType=TINYINT},
      </if>
      <if test="record.qrPicPath != null">
        qr_pic_path = #{record.qrPicPath,jdbcType=VARCHAR},
      </if>
      <if test="record.shopAddress != null">
        shop_address = #{record.shopAddress,jdbcType=VARCHAR},
      </if>
      <if test="record.shopLat != null">
        shop_lat = #{record.shopLat,jdbcType=DECIMAL},
      </if>
      <if test="record.shopLng != null">
        shop_lng = #{record.shopLng,jdbcType=DECIMAL},
      </if>
      <if test="record.distributorName != null">
        distributor_name = #{record.distributorName,jdbcType=VARCHAR},
      </if>
      <if test="record.distributorId != null">
        distributor_id = #{record.distributorId,jdbcType=VARCHAR},
      </if>
      <if test="record.remark != null">
        remark = #{record.remark,jdbcType=VARCHAR},
      </if>
      <if test="record.createTime != null">
        create_time = #{record.createTime,jdbcType=TIMESTAMP},
      </if>
      <if test="record.qrPicData != null">
        qr_pic_data = #{record.qrPicData,jdbcType=LONGVARCHAR},
      </if>
    </set>
    <if test="_parameter != null">
      <include refid="Update_By_Example_Where_Clause" />
    </if>
  </update>
  <update id="updateByExampleWithBLOBs" parameterType="map">
    <!--
      WARNING - @mbg.generated
      This element is automatically generated by MyBatis Generator, do not modify.
      This element was generated on Wed Mar 07 16:08:42 CST 2018.
    -->
    update xb_shop
    set id = #{record.id,jdbcType=BIGINT},
      shop_no = #{record.shopNo,jdbcType=BIGINT},
      shop_name = #{record.shopName,jdbcType=VARCHAR},
      shop_owner = #{record.shopOwner,jdbcType=VARCHAR},
      contract_mobile = #{record.contractMobile,jdbcType=VARCHAR},
      status = #{record.status,jdbcType=TINYINT},
      qr_pic_path = #{record.qrPicPath,jdbcType=VARCHAR},
      shop_address = #{record.shopAddress,jdbcType=VARCHAR},
      shop_lat = #{record.shopLat,jdbcType=DECIMAL},
      shop_lng = #{record.shopLng,jdbcType=DECIMAL},
      distributor_name = #{record.distributorName,jdbcType=VARCHAR},
      distributor_id = #{record.distributorId,jdbcType=VARCHAR},
      remark = #{record.remark,jdbcType=VARCHAR},
      create_time = #{record.createTime,jdbcType=TIMESTAMP},
      qr_pic_data = #{record.qrPicData,jdbcType=LONGVARCHAR}
    <if test="_parameter != null">
      <include refid="Update_By_Example_Where_Clause" />
    </if>
  </update>
  <update id="updateByExample" parameterType="map">
    <!--
      WARNING - @mbg.generated
      This element is automatically generated by MyBatis Generator, do not modify.
      This element was generated on Wed Mar 07 16:08:42 CST 2018.
    -->
    update xb_shop
    set id = #{record.id,jdbcType=BIGINT},
      shop_no = #{record.shopNo,jdbcType=BIGINT},
      shop_name = #{record.shopName,jdbcType=VARCHAR},
      shop_owner = #{record.shopOwner,jdbcType=VARCHAR},
      contract_mobile = #{record.contractMobile,jdbcType=VARCHAR},
      status = #{record.status,jdbcType=TINYINT},
      qr_pic_path = #{record.qrPicPath,jdbcType=VARCHAR},
      shop_address = #{record.shopAddress,jdbcType=VARCHAR},
      shop_lat = #{record.shopLat,jdbcType=DECIMAL},
      shop_lng = #{record.shopLng,jdbcType=DECIMAL},
      distributor_name = #{record.distributorName,jdbcType=VARCHAR},
      distributor_id = #{record.distributorId,jdbcType=VARCHAR},
      remark = #{record.remark,jdbcType=VARCHAR},
      create_time = #{record.createTime,jdbcType=TIMESTAMP}
    <if test="_parameter != null">
      <include refid="Update_By_Example_Where_Clause" />
    </if>
  </update>
  <update id="updateByPrimaryKeySelective" parameterType="com.sinochem.pojo.XbShop">
    <!--
      WARNING - @mbg.generated
      This element is automatically generated by MyBatis Generator, do not modify.
      This element was generated on Wed Mar 07 16:08:42 CST 2018.
    -->
    update xb_shop
    <set>
      <if test="shopNo != null">
        shop_no = #{shopNo,jdbcType=BIGINT},
      </if>
      <if test="shopName != null">
        shop_name = #{shopName,jdbcType=VARCHAR},
      </if>
      <if test="shopOwner != null">
        shop_owner = #{shopOwner,jdbcType=VARCHAR},
      </if>
      <if test="contractMobile != null">
        contract_mobile = #{contractMobile,jdbcType=VARCHAR},
      </if>
      <if test="status != null">
        status = #{status,jdbcType=TINYINT},
      </if>
      <if test="qrPicPath != null">
        qr_pic_path = #{qrPicPath,jdbcType=VARCHAR},
      </if>
      <if test="shopAddress != null">
        shop_address = #{shopAddress,jdbcType=VARCHAR},
      </if>
      <if test="shopLat != null">
        shop_lat = #{shopLat,jdbcType=DECIMAL},
      </if>
      <if test="shopLng != null">
        shop_lng = #{shopLng,jdbcType=DECIMAL},
      </if>
      <if test="distributorName != null">
        distributor_name = #{distributorName,jdbcType=VARCHAR},
      </if>
      <if test="distributorId != null">
        distributor_id = #{distributorId,jdbcType=VARCHAR},
      </if>
      <if test="remark != null">
        remark = #{remark,jdbcType=VARCHAR},
      </if>
      <if test="createTime != null">
        create_time = #{createTime,jdbcType=TIMESTAMP},
      </if>
      <if test="qrPicData != null">
        qr_pic_data = #{qrPicData,jdbcType=LONGVARCHAR},
      </if>
    </set>
    where id = #{id,jdbcType=BIGINT}
  </update>
  <update id="updateByPrimaryKeyWithBLOBs" parameterType="com.sinochem.pojo.XbShop">
    <!--
      WARNING - @mbg.generated
      This element is automatically generated by MyBatis Generator, do not modify.
      This element was generated on Wed Mar 07 16:08:42 CST 2018.
    -->
    update xb_shop
    set shop_no = #{shopNo,jdbcType=BIGINT},
      shop_name = #{shopName,jdbcType=VARCHAR},
      shop_owner = #{shopOwner,jdbcType=VARCHAR},
      contract_mobile = #{contractMobile,jdbcType=VARCHAR},
      status = #{status,jdbcType=TINYINT},
      qr_pic_path = #{qrPicPath,jdbcType=VARCHAR},
      shop_address = #{shopAddress,jdbcType=VARCHAR},
      shop_lat = #{shopLat,jdbcType=DECIMAL},
      shop_lng = #{shopLng,jdbcType=DECIMAL},
      distributor_name = #{distributorName,jdbcType=VARCHAR},
      distributor_id = #{distributorId,jdbcType=VARCHAR},
      remark = #{remark,jdbcType=VARCHAR},
      create_time = #{createTime,jdbcType=TIMESTAMP},
      qr_pic_data = #{qrPicData,jdbcType=LONGVARCHAR}
    where id = #{id,jdbcType=BIGINT}
  </update>
  <update id="updateByPrimaryKey" parameterType="com.sinochem.pojo.XbShop">
    <!--
      WARNING - @mbg.generated
      This element is automatically generated by MyBatis Generator, do not modify.
      This element was generated on Wed Mar 07 16:08:42 CST 2018.
    -->
    update xb_shop
    set shop_no = #{shopNo,jdbcType=BIGINT},
      shop_name = #{shopName,jdbcType=VARCHAR},
      shop_owner = #{shopOwner,jdbcType=VARCHAR},
      contract_mobile = #{contractMobile,jdbcType=VARCHAR},
      status = #{status,jdbcType=TINYINT},
      qr_pic_path = #{qrPicPath,jdbcType=VARCHAR},
      shop_address = #{shopAddress,jdbcType=VARCHAR},
      shop_lat = #{shopLat,jdbcType=DECIMAL},
      shop_lng = #{shopLng,jdbcType=DECIMAL},
      distributor_name = #{distributorName,jdbcType=VARCHAR},
      distributor_id = #{distributorId,jdbcType=VARCHAR},
      remark = #{remark,jdbcType=VARCHAR},
      create_time = #{createTime,jdbcType=TIMESTAMP}
    where id = #{id,jdbcType=BIGINT}
  </update>
</mapper>